date,cases_new,cases_import,cases_recovered,cases_active,cases_cluster,cases_pvax,cases_fvax,cases_child,cases_adolescent,cases_adult,cases_elderly,rtk-ag,pcr,total_tests,positivity_rate,deaths_new,deaths_bid,deaths_new_dod,deaths_bid_dod,deaths_pvax,deaths_fvax,deaths_tat,beds_x,pkrc_admitted_pui,pkrc_admitted_covid,pkrc_admitted_total,pkrc_discharged_pui,pkrc_discharged_covid,pkrc_discharged_total,pkrc_covid,pkrc_pui,pkrc_noncovid,beds_y,beds_covid,beds_noncrit,hosp_admitted_pui,hosp_admitted_covid,hosp_admitted_total,hosp_discharged_pui,hosp_discharged_covid,hosp_discharged_total,hosp_covid,hosp_pui,hosp_noncovid,beds_icu,beds_icu_rep,beds_icu_total,beds_icu_covid,vent,vent_port,icu_covid,icu_pui,icu_noncovid,vent_covid,vent_pui,vent_noncovid,vent_used,vent_port_used,daily_partial,daily_full,daily,daily_partial_child,daily_full_child,daily_booster,cumul_partial,cumul_full,cumul,cumul_partial_child,cumul_full_child,cumul_booster,pfizer1,pfizer2,sinovac1,sinovac2,astra1,astra2,cansino,pending
2021-02-24,3163,1,2894,27810,2225.0,0.0,0.0,142.0,79.0,2752.0,137.0,0.0,0.0,0.0,0.0,5,1,4,0,0,0,10,23083,25,1362,1387,18,862,880,9597,124,252,30837,7389,29756,319,366,685,293,422,715,2360,1031,14701,706,371,1077,540,1170,642,243,8,387,123,8,0,731,0,60,0,60,0,0,0,60,0,60,0,0,0,60,0,0,0,0,0,0,0
2021-02-25,1704,3,3375,26135,651.0,0.0,0.0,150.0,65.0,1293.0,131.0,0.0,0.0,0.0,0.0,13,2,4,0,0,0,38,23409,14,1400,1414,12,1561,1573,9471,291,233,30837,7389,29753,356,437,793,304,541,845,2247,808,13996,709,371,1080,540,1170,642,252,13,391,130,13,0,745,0,1146,0,1146,0,0,0,1206,0,1206,0,0,0,1146,0,0,0,0,0,0,0
2021-02-26,2131,3,2759,25504,1119.0,0.0,0.0,117.0,73.0,1729.0,154.0,0.0,0.0,0.0,0.0,7,2,3,0,0,0,33,23301,15,1090,1105,16,1140,1156,9578,284,253,30837,7335,29753,371,562,933,269,366,635,2293,766,13987,709,371,1080,540,1170,642,236,7,411,126,7,0,733,0,4115,1,4116,0,0,0,5321,1,5322,0,0,0,4115,1,0,0,0,0,0,0
2021-02-27,2243,0,2973,24765,1091.0,0.0,0.0,141.0,94.0,1761.0,150.0,0.0,0.0,0.0,0.0,4,0,9,1,0,0,9,23501,39,1393,1432,23,1183,1206,9961,273,240,30837,7335,29757,336,352,688,291,462,753,2236,800,13886,709,367,1076,536,1170,642,237,7,390,126,6,0,741,0,6723,1,6724,0,0,0,12044,2,12046,0,0,0,6723,1,0,0,0,0,0,0
2021-02-28,2097,1,3025,23832,1176.0,0.0,0.0,123.0,78.0,1730.0,101.0,0.0,0.0,0.0,0.0,9,0,5,0,0,0,16,23685,10,1465,1475,5,2160,2165,9300,230,227,30837,7335,29755,308,406,714,218,428,646,2190,822,13904,709,369,1078,538,1170,642,241,7,386,122,7,0,726,0,6699,3,6702,0,0,0,18743,5,18748,0,0,0,6699,3,0,0,0,0,0,0
2021-03-01,1747,2,2137,23438,950.0,0.0,0.0,125.0,51.0,1378.0,95.0,0.0,0.0,0.0,0.0,3,0,4,0,0,0,12,23685,14,1171,1185,12,1273,1285,9110,237,243,30757,7205,29675,282,359,641,256,433,689,2136,723,14209,709,369,1078,538,1170,642,233,7,395,84,7,0,761,0,15372,4,15376,0,0,0,34115,9,34124,0,0,0,15372,4,0,0,0,0,0,0
2021-03-02,1409,2,2248,22591,571.0,0.0,1.0,93.0,51.0,1095.0,119.0,0.0,0.0,0.0,0.0,5,1,8,2,0,0,7,23724,12,951,963,15,1076,1091,8954,218,263,30757,7171,29685,329,403,732,275,471,746,2091,843,18036,709,359,1068,524,1170,642,235,7,408,125,7,0,768,0,21665,3,21668,0,0,0,55780,12,55792,0,0,0,21665,3,0,0,0,0,0,0
2021-03-03,1650,2,2167,22070,840.0,1.0,0.0,106.0,55.0,1366.0,64.0,0.0,0.0,0.0,0.0,5,0,4,0,0,0,11,24142,30,1074,1104,11,911,922,9106,247,321,30757,7171,29684,377,328,705,265,375,640,2064,783,17797,709,360,1069,526,1170,642,229,9,412,123,9,0,798,0,22688,5,22693,0,0,0,78468,17,78485,0,0,0,22688,5,0,0,0,0,0,0
2021-03-04,1936,3,2747,21256,848.0,0.0,0.0,152.0,87.0,1487.0,122.0,0.0,0.0,0.0,0.0,4,0,3,0,0,0,4,24183,18,751,769,6,1918,1924,7864,230,289,30757,7091,29692,280,343,623,232,428,660,2054,763,17051,709,352,1061,518,1170,642,221,11,400,121,11,0,787,0,19546,13,19559,0,0,0,98014,30,98044,0,0,0,19546,13,0,0,0,0,0,0
2021-03-05,2042,2,3109,20183,998.0,3.0,0.0,179.0,160.0,1142.0,113.0,0.0,0.0,0.0,0.0,6,1,6,0,0,0,37,24113,28,1087,1115,15,1588,1603,7496,233,276,30757,7091,29692,381,498,879,254,453,707,1960,779,17559,709,352,1061,518,1170,642,218,9,411,114,9,0,779,0,14328,4,14332,0,0,0,112342,34,112376,0,0,0,14328,4,0,0,0,0,0,0
2021-03-06,1597,0,2363,19413,633.0,2.0,0.0,180.0,82.0,1084.0,121.0,0.0,0.0,0.0,0.0,7,0,4,0,0,0,5,23267,34,932,966,12,1170,1182,6854,229,257,30681,7065,29616,368,448,816,219,512,731,1873,877,16600,709,352,1061,518,1170,642,184,4,417,111,4,0,773,0,15777,1,15778,0,0,0,128119,35,128154,0,0,0,15777,1,0,0,0,0,0,0
2021-03-07,1556,1,2166,18798,609.0,2.0,0.0,117.0,86.0,1129.0,105.0,0.0,0.0,0.0,0.0,3,0,5,0,0,0,12,23939,31,766,797,21,1201,1222,6834,253,255,30457,6932,29397,424,363,787,263,401,664,1809,799,16776,704,352,1056,516,1164,640,177,3,427,101,3,0,762,0,12536,2,12538,0,0,0,140655,37,140692,0,0,0,12536,2,0,0,0,0,0,0
2021-03-08,1457,7,1920,18330,347.0,7.0,0.0,139.0,81.0,1100.0,106.0,0.0,0.0,0.0,0.0,7,1,5,1,0,0,13,23749,3,654,657,21,873,894,6532,222,274,30457,6932,29397,361,328,689,260,368,628,1791,777,17278,704,352,1056,516,1164,640,185,3,408,96,3,0,725,0,27116,12,27128,0,0,0,167771,49,167820,0,0,0,27116,12,0,0,0,0,0,0
2021-03-09,1158,1,2120,17361,472.0,3.0,0.0,107.0,43.0,918.0,74.0,0.0,0.0,0.0,0.0,8,1,7,0,0,0,21,23778,14,805,819,15,794,809,6530,209,245,30457,6856,29397,342,332,674,246,325,571,1785,705,17568,704,352,1056,516,1164,640,175,4,424,94,4,0,762,0,29974,10,29984,0,0,0,197745,59,197804,0,0,0,29974,10,0,0,0,0,0,0
2021-03-10,1345,10,2083,16617,728.0,2.0,0.0,127.0,56.0,1078.0,69.0,0.0,0.0,0.0,0.0,5,0,6,0,0,0,7,23828,17,842,859,5,730,735,6815,218,273,30457,6856,29397,390,467,857,266,289,555,1781,790,17952,704,352,1056,516,1164,640,174,2,399,82,2,0,684,0,28719,2,28721,0,0,0,226464,61,226525,0,0,0,28719,2,0,0,0,0,0,0
2021-03-11,1559,4,1918,16256,656.0,19.0,0.0,97.0,47.0,1241.0,103.0,0.0,0.0,0.0,0.0,8,1,2,0,0,0,10,23936,14,567,581,12,1102,1114,6242,211,259,30457,6741,29397,344,300,644,259,475,734,1731,645,17289,704,352,1056,516,1164,640,171,3,429,83,3,0,740,0,26475,0,26475,0,0,0,252939,61,253000,0,0,0,26475,0,0,0,0,0,0,0
2021-03-12,1463,2,1879,15837,426.0,4.0,0.0,145.0,80.0,1028.0,121.0,0.0,0.0,0.0,0.0,2,0,3,0,0,0,4,23412,24,674,698,13,877,890,5807,221,286,30038,6621,28996,310,354,664,246,358,604,1701,669,17504,697,341,1038,509,1141,633,171,2,408,92,2,0,705,0,26042,1,26043,0,0,0,278981,62,279043,0,0,0,26042,1,0,0,0,0,0,0
2021-03-13,1308,10,1697,15446,424.0,17.0,0.0,121.0,56.0,918.0,117.0,0.0,0.0,0.0,0.0,2,0,2,0,0,0,4,25118,20,702,722,18,763,781,6018,213,247,30038,6621,28996,320,340,660,221,449,670,1639,617,16690,697,341,1038,509,1145,636,176,2,413,86,2,0,703,0,16837,0,16837,0,0,0,295818,62,295880,0,0,0,16837,0,0,0,0,0,0,0
2021-03-14,1297,14,1624,15117,431.0,12.0,1.0,130.0,67.0,962.0,96.0,0.0,0.0,0.0,0.0,2,0,2,0,0,0,4,25118,16,578,594,10,851,861,5812,228,260,30038,6621,28996,295,387,682,205,324,529,1657,730,16989,697,341,1038,509,1145,636,171,2,396,90,1,0,716,0,10074,0,10074,0,0,0,305892,62,305954,0,0,0,10074,0,0,0,0,0,0,0
2021-03-15,1146,5,1882,14377,424.0,15.0,1.0,121.0,76.0,840.0,71.0,0.0,0.0,0.0,0.0,3,0,4,0,0,0,5,25070,15,572,587,11,790,801,5541,233,260,30038,6592,28996,320,306,626,254,377,631,1605,712,17454,697,341,1038,509,1145,636,175,2,406,87,2,0,737,0,20284,1,20285,0,0,0,326176,63,326239,0,0,0,20284,1,0,0,0,0,0,0
2021-03-16,977,0,1250,14101,407.0,11.0,0.0,138.0,55.0,692.0,81.0,0.0,0.0,0.0,0.0,4,0,3,0,0,0,5,24970,21,530,551,10,586,596,5499,228,247,30038,6592,28996,291,392,683,271,376,647,1602,655,18248,697,341,1038,509,1145,636,174,1,420,87,1,0,746,0,25454,4,25458,0,0,0,351630,67,351697,0,0,0,25454,4,0,0,0,0,0,0
2021-03-17,1160,4,1277,13982,596.0,14.0,0.0,96.0,53.0,738.0,76.0,0.0,0.0,0.0,0.0,2,0,2,0,0,0,3,24723,19,840,859,13,406,419,5810,224,259,30038,6592,28996,272,334,606,252,353,605,1629,713,18293,697,341,1038,509,1145,636,178,1,414,62,0,0,743,0,20787,60,20847,0,0,0,372417,127,372544,0,0,0,20787,60,0,0,0,0,0,0
2021-03-18,1134,2,1420,13695,483.0,13.0,0.0,122.0,62.0,810.0,79.0,0.0,0.0,0.0,0.0,3,0,1,0,0,0,12,22349,18,548,566,13,830,843,5524,208,283,30038,6592,28996,379,432,811,296,346,642,1657,703,18519,697,341,1038,509,1145,636,182,1,384,63,0,0,704,0,17305,794,18099,0,0,0,389722,921,390643,0,0,0,17293,794,12,0,0,0,0,0
2021-03-19,1400,1,1883,13211,826.0,13.0,0.0,138.0,58.0,1090.0,90.0,0.0,0.0,0.0,0.0,1,0,1,0,0,0,1,22834,18,656,674,14,852,866,5389,208,281,30038,6592,28996,398,368,766,286,385,671,1693,664,17954,697,341,1038,509,1145,636,181,3,404,87,2,0,719,0,10723,3800,14523,0,0,0,400445,4721,405166,0,0,0,10723,3800,0,0,0,0,0,0
2021-03-20,1593,0,1509,13290,734.0,21.0,0.0,140.0,62.0,1274.0,99.0,0.0,0.0,0.0,0.0,4,0,5,1,0,0,50,22834,13,786,799,4,852,856,5411,218,266,29948,6577,28898,361,400,761,240,383,623,1705,712,16801,697,349,1046,495,1145,636,178,9,405,94,8,0,746,0,7710,6062,13772,0,0,0,408155,10783,418938,0,0,0,7709,6062,0,0,0,0,0,1
2021-03-21,1209,7,1170,13325,567.0,15.0,0.0,116.0,55.0,932.0,82.0,0.0,0.0,0.0,0.0,3,0,4,0,0,0,32,22294,11,846,857,9,720,729,5435,232,277,29948,6577,28898,333,341,674,236,281,517,1749,646,17350,697,349,1046,495,1145,636,175,3,444,88,2,0,746,0,9703,5792,15495,0,0,0,417858,16575,434433,0,0,0,9703,5791,0,0,0,0,0,1
2021-03-22,953,4,1373,12903,482.0,5.0,0.0,95.0,45.0,746.0,54.0,0.0,0.0,0.0,0.0,4,0,2,0,0,0,5,22412,18,503,521,20,568,588,5382,226,270,29948,6465,28890,374,430,804,277,395,672,1794,678,17792,696,358,1054,503,1145,636,175,6,425,85,5,0,764,0,9716,14537,24253,0,0,0,427574,31112,458686,0,0,0,9715,14537,0,0,0,0,0,1
2021-03-23,1320,6,1035,13186,760.0,17.0,0.0,111.0,53.0,1051.0,86.0,0.0,0.0,0.0,0.0,1,0,2,2,0,0,1,22412,20,670,690,15,432,447,6013,213,299,29948,6465,28890,386,358,744,274,406,680,1786,724,18238,696,358,1054,503,1145,636,174,3,424,88,2,0,747,0,8303,20837,29140,0,0,0,435877,51949,487826,0,0,0,8302,20837,1,0,0,0,0,0
2021-03-24,1209,1,1003,13388,607.0,16.0,0.0,127.0,66.0,934.0,66.0,0.0,0.0,0.0,0.0,2,0,4,1,0,0,3,22977,29,644,673,8,295,303,6353,306,308,29948,6465,28890,326,349,675,260,265,525,1851,761,18461,696,358,1054,503,1145,636,175,1,428,88,1,0,744,0,6294,22767,29061,0,0,0,442171,74716,516887,0,0,0,6293,22767,0,0,0,0,0,1
2021-03-25,1254,0,1407,13233,582.0,17.0,0.0,163.0,54.0,909.0,111.0,0.0,0.0,0.0,0.0,2,0,2,0,0,0,0,26128,40,813,853,8,739,747,6392,315,275,29948,6370,28890,372,387,759,285,402,687,1877,818,18339,700,354,1054,492,1145,636,170,3,427,88,3,0,741,0,6434,19320,25754,0,0,0,448605,94036,542641,0,0,0,6353,19320,81,0,0,0,0,0
2021-03-26,1187,19,1445,12974,489.0,9.0,0.0,148.0,66.0,850.0,90.0,0.0,0.0,0.0,0.0,1,0,1,0,0,0,5,26133,21,723,744,17,770,787,6361,331,286,29948,6370,28890,393,401,794,273,439,712,1848,773,17801,700,354,1054,492,1145,636,179,2,429,95,2,0,747,0,3940,12758,16698,0,0,0,452545,106794,559339,0,0,0,3770,12758,170,0,0,0,0,0
2021-03-27,1114,3,1109,12972,460.0,12.0,0.0,183.0,96.0,725.0,74.0,0.0,0.0,0.0,0.0,2,2,7,1,0,0,10,26133,21,522,543,19,859,878,5964,281,293,29948,6370,28890,374,406,780,275,451,726,1859,735,17228,700,354,1054,492,1145,636,191,2,426,98,2,0,743,0,1699,14334,16033,0,0,0,454244,121128,575372,0,0,0,1235,14327,463,4,0,0,0,4
2021-03-28,1242,1,1062,13149,635.0,12.0,0.0,129.0,69.0,937.0,96.0,0.0,0.0,0.0,0.0,4,0,3,0,1,0,5,26133,16,531,547,14,844,858,5738,299,305,29948,6370,28886,322,393,715,265,351,616,1894,715,17252,700,358,1058,496,1145,636,187,2,438,101,2,0,768,0,3667,12857,16524,0,0,0,457911,133985,591896,0,0,0,3398,12856,269,1,0,0,0,0
2021-03-29,883,2,1024,13005,336.0,11.0,0.0,92.0,49.0,664.0,67.0,0.0,0.0,0.0,0.0,5,0,3,2,0,0,7,26160,11,629,640,22,619,641,5764,276,296,29948,6383,28886,327,351,678,244,414,658,1826,733,17775,700,358,1058,496,1145,636,187,7,424,98,7,0,758,0,7755,27281,35036,0,0,0,465666,161266,626932,0,0,0,6204,27280,1551,1,0,0,0,0
2021-03-30,1079,4,1067,13011,538.0,11.0,1.0,120.0,68.0,815.0,65.0,0.0,0.0,0.0,0.0,2,0,6,0,0,0,5,26100,31,517,548,20,761,781,5360,288,303,30092,6502,29013,338,327,665,253,407,660,1752,755,17951,717,358,1075,498,1151,638,188,3,428,95,3,0,789,0,11457,29323,40780,0,0,0,477123,190589,667712,0,0,0,9305,29323,2152,0,0,0,0,0
2021-03-31,1437,0,1003,13437,842.0,19.0,0.0,143.0,79.0,1132.0,75.0,0.0,0.0,0.0,0.0,8,1,8,2,0,0,40,25918,30,930,960,12,475,487,5972,332,305,29948,6487,28874,387,357,744,251,288,539,1809,840,18334,712,358,1070,496,1145,636,190,2,433,105,2,0,785,0,9819,27441,37260,0,0,0,486942,218030,704972,0,0,0,6571,27441,3246,0,0,0,0,2
2021-04-01,1076,11,1242,13269,449.0,7.0,0.0,106.0,66.0,799.0,89.0,0.0,0.0,0.0,0.0,5,2,2,0,0,0,14,25918,17,594,611,19,757,776,5664,294,484,29948,6487,28874,353,340,693,287,433,720,1741,837,18190,712,358,1070,496,1145,636,184,3,439,102,3,0,797,0,15792,26507,42299,0,0,0,502734,244537,747271,0,0,0,11180,26506,4607,1,0,0,0,5
2021-04-02,1201,5,1359,13109,540.0,7.0,0.0,122.0,54.0,846.0,96.0,0.0,0.0,0.0,0.0,5,1,2,0,0,0,7,25865,11,719,730,17,778,795,5566,299,300,29948,6487,28874,407,403,810,302,370,672,1760,792,17332,712,358,1070,496,1145,636,185,9,441,105,8,0,759,0,7583,22857,30440,0,0,0,510317,267394,777711,0,0,0,3940,22855,3643,2,0,0,0,0
2021-04-03,1564,5,1351,13317,891.0,9.0,0.0,135.0,86.0,1215.0,92.0,0.0,0.0,0.0,0.0,2,1,5,0,0,0,5,25865,14,522,536,10,603,613,5526,355,299,29948,6487,28874,344,419,763,245,365,610,1794,672,17334,712,358,1070,496,1145,636,193,2,424,101,2,0,740,0,2673,14581,17254,0,0,0,512990,281975,794965,0,0,0,1535,14580,1138,0,0,0,0,1
2021-04-04,1259,2,1090,13480,634.0,8.0,0.0,126.0,66.0,813.0,92.0,0.0,0.0,0.0,0.0,2,0,6,0,0,0,3,25975,28,956,984,14,736,750,5780,400,292,29948,6487,28874,333,413,746,224,418,642,1707,686,17466,712,358,1070,496,1145,636,192,2,442,107,2,0,803,0,6001,8935,14936,0,0,0,518991,290910,809901,0,0,0,3199,8935,2802,0,0,0,0,0
2021-04-05,974,4,1217,13233,355.0,8.0,0.0,116.0,61.0,702.0,84.0,0.0,0.0,0.0,0.0,6,0,4,1,0,0,9,22615,29,388,417,13,702,715,5740,455,300,29948,6487,28874,462,406,868,223,378,601,1765,738,17856,712,358,1070,496,1145,636,201,2,450,105,2,0,777,0,9194,19376,28570,0,0,0,528185,310286,838471,0,0,0,4242,19373,4951,3,0,0,0,1
2021-04-06,1210,14,1362,13079,558.0,10.0,1.0,122.0,94.0,802.0,69.0,0.0,0.0,0.0,0.0,5,0,2,1,0,0,17,22677,20,626,646,9,544,553,5862,471,286,29948,6487,28874,386,456,842,291,374,665,1817,705,18443,712,358,1070,496,1145,636,201,3,411,104,3,0,789,0,10976,21633,32609,0,0,0,539161,331919,871080,0,0,0,6548,21629,4428,4,0,0,0,0
2021-04-07,1055,6,1116,13016,445.0,15.0,0.0,127.0,61.0,739.0,123.0,0.0,0.0,0.0,0.0,3,0,2,0,0,0,4,22189,43,693,736,18,417,435,6251,520,280,29948,6487,28874,428,436,864,298,319,617,1843,717,18602,712,358,1070,496,1145,636,217,2,421,108,2,0,810,0,12665,18226,30891,0,0,0,551826,350145,901971,0,0,0,6433,18223,6227,3,0,0,0,5
2021-04-08,1146,4,1127,13029,427.0,10.0,0.0,86.0,73.0,891.0,90.0,0.0,0.0,0.0,0.0,4,0,6,3,0,0,6,21011,13,513,526,11,686,697,6178,473,251,29948,6487,28874,334,489,823,266,410,676,1804,665,15607,712,358,1070,496,1145,636,202,6,431,106,6,0,778,0,12046,14752,26798,0,0,0,563872,364897,928769,0,0,0,5852,14729,6193,23,0,0,0,1
2021-04-09,1713,5,1166,13571,661.0,31.0,2.0,201.0,108.0,1230.0,162.0,0.0,0.0,0.0,0.0,4,2,5,2,0,0,180,21565,16,718,734,25,615,640,6339,448,292,29948,6487,28874,338,459,797,235,474,709,1899,726,18254,712,358,1070,496,1145,636,215,2,431,106,2,0,784,0,7194,14327,21521,0,0,0,571066,379224,950290,0,0,0,4344,14312,2849,7,0,0,0,9
2021-04-10,1394,3,1148,13814,456.0,13.0,2.0,161.0,102.0,989.0,132.0,0.0,0.0,0.0,0.0,8,0,3,1,0,0,93,21955,19,691,710,23,1182,1205,6051,408,261,29948,6487,28874,404,627,1031,257,458,715,1949,680,17629,712,358,1070,496,1145,636,225,4,416,109,4,0,759,0,5571,10006,15577,0,0,0,576637,389230,965867,0,0,0,3758,10005,1813,0,0,0,0,1
2021-04-11,1632,2,1153,14288,727.0,15.0,3.0,155.0,104.0,1207.0,133.0,0.0,0.0,0.0,0.0,6,1,5,3,0,0,74,21955,30,771,801,28,635,663,5774,388,717,29948,6487,28874,341,517,858,232,491,723,2011,711,17742,712,358,1070,496,1145,636,222,2,417,107,2,0,754,0,12469,10681,23150,0,0,0,589106,399911,989017,0,0,0,10214,10681,2255,0,0,0,0,0
2021-04-12,1192,1,1020,14453,439.0,9.0,0.0,120.0,81.0,804.0,133.0,0.0,0.0,0.0,0.0,2,1,7,0,0,0,7,22008,16,591,607,16,661,677,6299,369,275,30072,6522,28993,334,461,795,224,358,582,2062,761,18065,717,358,1075,498,1151,638,237,4,433,113,4,0,791,0,25303,13918,39221,0,0,0,614409,413829,1028238,0,0,0,22522,13917,2781,0,0,0,0,1
2021-04-13,1627,3,1235,14840,646.0,7.0,2.0,166.0,88.0,1215.0,140.0,0.0,0.0,0.0,0.0,12,5,5,1,0,0,8,22015,16,877,893,26,520,546,6563,390,320,30072,6522,28993,383,488,871,210,552,762,2123,821,18162,717,358,1075,498,1151,638,233,3,451,111,3,0,812,0,16089,7683,23772,0,0,0,630498,421512,1052010,0,0,0,12113,7682,3972,1,0,0,0,4
2021-04-14,1747,4,1436,15147,675.0,16.0,4.0,174.0,220.0,1093.0,159.0,0.0,0.0,0.0,0.0,7,0,4,0,0,0,72,22177,29,763,792,18,496,514,7070,430,299,30099,6549,29020,314,777,1091,182,503,685,2175,813,18538,717,358,1075,498,1151,638,239,5,427,110,5,0,786,0,20925,7692,28617,0,0,0,651423,429204,1080627,0,0,0,17510,7690,3414,2,0,0,0,1
2021-04-15,1969,0,1129,15984,880.0,10.0,5.0,188.0,233.0,1347.0,177.0,0.0,0.0,0.0,0.0,7,1,3,0,0,0,43,22203,31,1027,1058,19,695,714,7771,451,284,30099,6443,29020,412,797,1209,268,430,698,2198,788,18540,717,358,1075,498,1151,638,249,9,423,113,10,0,825,0,18084,9150,27234,0,0,0,669507,438354,1107861,0,0,0,13913,9071,4171,79,0,0,0,0
2021-04-16,2300,8,1432,16846,977.0,17.0,3.0,207.0,163.0,1744.0,158.0,0.0,0.0,0.0,0.0,1,0,6,0,0,0,94,22257,27,842,869,18,697,715,7848,487,274,30099,6443,29014,390,641,1031,272,559,831,2252,763,18249,717,364,1081,512,1151,638,270,6,397,122,6,0,819,0,15609,3919,19528,0,0,0,685116,442273,1127389,0,0,0,12540,3629,3067,290,0,0,0,2
2021-04-17,2075,1,1746,17166,650.0,22.0,3.0,228.0,317.0,1342.0,155.0,0.0,0.0,0.0,0.0,5,0,9,2,0,0,80,23199,14,939,953,16,791,807,8203,559,244,30183,6471,29090,425,673,1098,249,587,836,2351,771,16513,717,372,1089,519,1151,638,261,6,406,122,6,0,810,0,8560,1071,9631,0,0,0,693676,443344,1137020,0,0,0,7015,627,1545,444,0,0,0,0
2021-04-18,2016,5,1336,17839,781.0,17.0,3.0,200.0,207.0,1359.0,161.0,0.0,0.0,0.0,0.0,7,0,7,3,0,0,9,23199,30,760,790,17,807,824,8339,616,261,30183,6489,29090,421,701,1122,251,489,740,2405,776,17725,717,372,1089,519,1151,638,269,7,385,121,7,0,764,0,6091,3748,9839,0,0,0,699767,447092,1146859,0,0,0,5346,3530,744,218,0,0,0,1
2021-04-19,1923,7,1240,18513,620.0,12.0,3.0,198.0,262.0,1281.0,162.0,0.0,0.0,0.0,0.0,7,0,9,3,0,0,3,23533,21,824,845,13,989,1002,8237,608,270,30583,6610,29487,376,599,975,275,549,824,2450,838,18030,720,372,1092,519,1155,638,283,6,400,136,6,0,831,0,24642,8302,32944,0,0,0,724409,455394,1179803,0,0,0,22957,6934,1683,1368,0,0,0,2
2021-04-20,1994,1,1489,19008,578.0,14.0,2.0,230.0,336.0,1260.0,157.0,0.0,0.0,0.0,0.0,3,0,10,2,0,0,4,23337,17,842,859,16,954,970,8344,553,285,30583,6610,29483,427,615,1042,233,654,887,2382,742,18921,700,396,1096,548,1155,638,301,8,395,134,8,0,855,0,22062,11168,33230,0,0,0,746471,466562,1213033,0,0,0,18602,9134,3460,2034,0,0,0,0
2021-04-21,2043,7,1755,19288,754.0,11.0,7.0,193.0,405.0,1239.0,180.0,0.0,0.0,0.0,0.0,10,3,8,1,0,0,3,23387,6,1037,1043,18,562,580,8809,547,281,30583,6610,29483,396,680,1076,234,649,883,2487,792,19273,700,396,1096,548,1155,638,310,9,380,144,9,0,831,0,15807,11718,27525,0,0,0,762278,478280,1240558,0,0,0,14714,7913,1092,3802,0,0,0,4
2021-04-22,2533,3,2294,19522,977.0,28.0,5.0,286.0,528.0,1486.0,206.0,0.0,0.0,0.0,0.0,7,0,5,2,0,0,8,23559,17,1117,1134,19,1219,1238,8946,554,264,30583,6656,29483,445,763,1208,259,786,1045,2455,795,19062,700,396,1096,548,1155,638,312,10,433,160,10,0,831,0,14359,15054,29413,0,0,0,776637,493334,1269971,0,0,0,13294,10718,1065,4329,0,0,0,7
2021-04-23,2531,1,2181,19858,735.0,21.0,13.0,283.0,322.0,1606.0,227.0,0.0,0.0,0.0,0.0,6,3,14,3,0,0,8,23390,13,1173,1186,12,1159,1171,8786,588,261,30583,6567,29483,423,769,1192,267,671,938,2554,874,18626,700,396,1096,548,1155,638,310,6,394,167,5,0,838,0,12202,6671,18873,0,0,0,788839,500005,1288844,0,0,0,10896,4105,1305,2564,0,0,0,3
2021-04-24,2466,14,2113,20205,658.0,25.0,12.0,293.0,360.0,1563.0,223.0,0.0,0.0,0.0,0.0,10,2,6,1,0,0,6,23590,9,1139,1148,12,973,985,8857,540,257,30583,6567,29479,358,705,1063,288,772,1060,2554,784,17694,703,397,1100,555,1155,638,320,7,402,175,6,0,845,0,7947,3476,11423,0,0,0,796786,503481,1300267,0,0,0,7613,1613,331,1436,0,0,0,430
2021-04-25,2468,2,1677,20978,839.0,25.0,7.0,281.0,280.0,1581.0,250.0,0.0,0.0,0.0,0.0,7,0,18,1,0,0,12,23018,26,1020,1046,9,888,897,8770,583,223,30583,6587,29479,485,659,1144,294,872,1166,2552,752,17709,703,397,1100,555,1155,638,328,5,393,183,5,0,863,0,9092,5684,14776,0,0,0,805878,509165,1315043,0,0,0,9016,3202,76,2482,0,0,0,0
2021-04-26,2515,2,1641,21840,793.0,18.0,6.0,262.0,241.0,1675.0,248.0,0.0,0.0,0.0,0.0,13,2,12,1,0,0,6,23314,14,1062,1076,16,1043,1059,8916,562,256,30601,6640,29475,370,812,1182,338,693,1031,2670,765,17366,718,404,1122,566,1153,644,361,7,377,196,6,0,873,0,21307,8915,30222,0,0,0,827185,518080,1345265,0,0,0,20460,4573,844,4341,0,0,0,4
2021-04-27,2341,1,1833,22338,706.0,18.0,14.0,280.0,293.0,1512.0,222.0,0.0,0.0,0.0,0.0,12,1,10,2,0,0,10,23320,31,1059,1090,14,979,993,8916,588,271,30601,6640,29448,395,872,1267,290,948,1238,2678,778,18379,721,428,1149,590,1178,633,373,5,389,193,5,0,873,0,22785,11828,34613,0,0,0,849970,529908,1379878,0,0,0,21907,6783,878,5043,0,0,0,2
2021-04-28,2689,6,1653,23361,655.0,23.0,14.0,341.0,332.0,1685.0,320.0,0.0,0.0,0.0,0.0,15,3,13,2,0,0,18,23366,16,1279,1295,2,874,876,9432,610,259,30601,6645,29448,415,852,1267,284,695,979,2773,775,18739,721,428,1149,590,1178,633,384,2,378,206,2,0,911,0,26411,13178,39589,0,0,0,876381,543086,1419467,0,0,0,24992,6221,1419,6955,0,0,0,2
2021-04-29,2964,0,1762,24544,685.0,35.0,10.0,352.0,326.0,1897.0,323.0,0.0,0.0,0.0,0.0,11,1,19,2,0,0,14,23404,19,1435,1454,7,1152,1159,9602,602,260,30659,6457,29506,385,803,1188,365,771,1136,2864,788,18144,721,428,1149,590,1178,633,378,1,396,209,0,0,905,0,6447,6036,12483,0,0,0,882828,549122,1431950,0,0,0,6190,3277,256,2759,0,0,0,1
2021-04-30,3531,0,2466,25593,1052.0,36.0,18.0,419.0,459.0,2241.0,350.0,0.0,0.0,0.0,0.0,14,3,16,1,0,0,4,24472,16,1302,1318,16,1207,1223,9776,571,258,30134,6381,28974,397,969,1366,267,907,1174,2910,817,17663,717,439,1156,598,1178,633,391,2,387,225,2,0,908,0,17701,8865,26566,0,0,0,900529,557987,1458516,0,0,0,17076,5774,625,3089,0,0,0,2
2021-05-01,2563,4,2130,26010,865.0,37.0,14.0,342.0,255.0,1661.0,256.0,0.0,0.0,0.0,0.0,13,0,16,4,0,0,15,24380,23,1410,1433,16,1295,1311,9978,552,231,30134,6415,28942,405,856,1261,273,836,1109,2965,650,17106,721,467,1188,633,1178,633,404,2,375,220,2,0,874,0,2910,2468,5378,0,0,0,903439,560455,1463894,0,0,0,2352,2447,558,20,0,0,0,1
2021-05-02,3212,8,2512,26691,1071.0,33.0,12.0,443.0,383.0,2023.0,307.0,0.0,0.0,0.0,0.0,11,2,19,6,0,0,14,24581,17,1418,1435,10,1223,1233,10251,616,239,30134,6451,28939,369,1117,1486,268,746,1014,3122,626,16987,746,445,1191,651,1196,630,408,2,360,227,4,0,856,0,7611,8100,15711,0,0,0,911050,568555,1479605,0,0,0,6591,7330,1020,765,0,0,0,5
2021-05-03,2297,1,1861,27110,733.0,20.0,8.0,283.0,236.0,1518.0,245.0,0.0,0.0,0.0,0.0,15,0,17,1,2,0,25,24577,13,1171,1184,19,1233,1252,10128,599,272,30203,6526,29000,368,818,1186,254,767,1021,3248,717,17249,748,451,1199,663,1196,634,417,5,345,221,5,0,880,0,24467,26664,51131,0,0,0,935517,595219,1530736,0,0,0,22847,22060,903,4603,717,0,0,1
2021-05-04,2701,2,1967,27831,809.0,26.0,20.0,325.0,284.0,1736.0,305.0,0.0,0.0,0.0,0.0,23,2,13,0,0,0,17,25293,24,1454,1478,19,919,938,10774,606,288,30301,6610,29082,445,951,1396,314,755,1069,3288,718,18115,732,483,1215,666,1196,634,410,7,352,231,7,0,877,0,30076,19670,49746,0,0,0,965593,614889,1580482,0,0,0,27599,14673,2477,4995,0,0,0,2
2021-05-05,3420,6,2184,29041,718.0,43.0,20.0,370.0,303.0,2331.0,391.0,0.0,0.0,0.0,0.0,17,2,26,5,1,0,10,25515,15,1235,1250,21,941,962,11076,592,332,30552,6780,29335,355,1008,1363,328,862,1190,3460,754,17930,732,481,1213,666,1196,634,420,8,383,234,8,0,872,0,32019,22864,54883,0,0,0,997612,637753,1635365,0,0,0,22136,19692,5300,3171,4575,0,0,9
2021-05-06,3062,10,2407,29675,918.0,39.0,22.0,347.0,221.0,2128.0,350.0,0.0,0.0,0.0,0.0,17,3,21,2,1,0,23,25576,24,1509,1533,24,1432,1456,11210,677,300,30552,6783,29335,449,928,1377,359,769,1128,3573,762,18098,732,481,1213,666,1196,634,451,10,348,249,10,0,881,0,36989,18737,55726,0,0,0,1034601,656490,1691091,0,0,0,26230,13773,7188,4963,3567,0,0,5
2021-05-07,4054,2,3132,30566,1104.0,60.0,15.0,587.0,349.0,2650.0,445.0,0.0,0.0,0.0,0.0,19,3,31,4,0,0,13,25730,16,1370,1386,23,1309,1332,10868,632,315,30552,6824,29317,423,942,1365,317,916,1233,3682,792,17508,736,495,1231,687,1201,636,465,5,367,275,5,0,890,0,32240,15445,47685,0,0,0,1066841,671935,1738776,0,0,0,17353,11237,11308,4207,3577,0,0,3
2021-05-08,3950,1,2457,32033,968.0,49.0,16.0,467.0,282.0,2596.0,460.0,0.0,0.0,0.0,0.0,20,3,26,3,2,0,19,26462,24,1725,1749,10,1580,1590,11036,618,288,30552,6836,29336,329,917,1246,297,820,1117,3756,709,17382,724,488,1212,693,1204,636,486,5,338,266,5,0,882,0,18615,8399,27014,0,0,0,1085456,680334,1765790,0,0,0,12277,7084,2702,1314,3636,0,0,1
2021-05-09,3375,5,2962,32427,847.0,37.0,24.0,405.0,219.0,2357.0,357.0,0.0,0.0,0.0,0.0,20,2,19,2,0,0,14,25941,43,1867,1910,50,1469,1519,11697,606,295,30552,6883,29339,356,1138,1494,223,715,938,3874,813,16602,723,486,1209,693,1204,636,487,8,328,259,8,0,880,0,25804,6584,32388,0,0,0,1111260,686918,1798178,0,0,0,17255,5816,4958,765,3591,0,0,3
2021-05-10,3476,2,3155,32716,759.0,59.0,19.0,439.0,280.0,2294.0,438.0,0.0,0.0,0.0,0.0,15,0,32,3,1,0,12,25943,28,1465,1493,13,1641,1654,11554,637,288,31620,7203,30362,423,1126,1549,269,1066,1335,4045,869,17310,750,504,1254,722,1250,662,551,14,304,293,12,0,955,0,36630,24785,61415,0,0,0,1147890,711703,1859593,0,0,0,26042,21817,7038,2967,3547,0,0,4
2021-05-11,3482,1,2512,33646,953.0,42.0,28.0,414.0,279.0,2401.0,359.0,0.0,0.0,0.0,0.0,20,2,40,2,0,0,12,26069,46,1492,1538,23,1133,1156,11965,683,330,31620,7394,30360,449,979,1428,288,1041,1329,4054,888,16968,748,508,1256,730,1253,677,568,12,297,309,11,0,968,0,30457,18403,48860,0,0,0,1178347,730106,1908453,0,0,0,21712,16326,5114,2076,3631,0,0,1
2021-05-12,4221,1,2699,35128,919.0,60.0,23.0,436.0,300.0,2929.0,512.0,0.0,0.0,0.0,0.0,30,3,40,3,1,0,17,26651,36,1983,2019,22,1163,1185,12635,731,315,31620,7428,30360,439,1221,1660,404,1039,1443,4178,800,16588,746,510,1256,742,1253,677,557,15,296,306,14,0,957,0,10304,7812,18116,0,0,0,1188651,737918,1926569,0,0,0,5384,7554,1474,258,3446,0,0,0
2021-05-13,4325,2,2975,36443,1018.0,68.0,27.0,440.0,464.0,2881.0,496.0,0.0,0.0,0.0,0.0,25,2,35,2,2,0,17,26695,41,1790,1831,30,1654,1684,12581,663,372,31700,7547,30435,466,1160,1626,509,1129,1638,4230,847,14323,745,516,1261,747,1253,677,584,18,257,303,17,0,972,0,111,7,118,0,0,0,1188762,737925,1926687,0,0,0,0,3,111,4,0,0,0,0
2021-05-14,3787,0,3871,36321,971.0,84.0,22.0,429.0,248.0,2535.0,530.0,0.0,0.0,0.0,0.0,28,1,38,5,1,0,14,26671,28,1573,1601,21,2127,2148,12274,651,356,31700,7547,30413,301,917,1218,229,901,1130,4357,769,14443,775,508,1283,774,1276,664,593,17,315,316,17,0,955,0,61,7,68,0,0,0,1188823,737932,1926755,0,0,0,0,0,61,7,0,0,0,0
2021-05-15,3719,1,3100,36900,895.0,86.0,30.0,425.0,214.0,2477.0,544.0,0.0,0.0,0.0,0.0,42,0,40,6,1,0,11,26522,48,1571,1619,16,1520,1536,12298,677,360,31700,7651,30400,469,1024,1493,321,954,1275,4432,793,15032,775,521,1296,787,1276,664,600,7,343,327,7,0,1009,0,10303,592,10895,0,0,0,1199126,738524,1937650,0,0,0,438,589,151,0,9714,1,0,2
2021-05-16,3431,1,3591,36702,858.0,74.0,23.0,391.0,252.0,2311.0,451.0,0.0,0.0,0.0,0.0,32,1,38,2,3,0,14,26522,40,1740,1780,29,1505,1534,12399,641,387,31700,7651,30362,432,976,1408,271,948,1219,4562,842,15454,775,559,1334,819,1272,676,612,8,330,338,8,0,968,0,9979,327,10306,0,0,0,1209105,738851,1947956,0,0,0,11,199,7,128,9961,0,0,0
2021-05-17,4138,3,2650,38146,837.0,84.0,31.0,418.0,298.0,2781.0,603.0,0.0,0.0,0.0,0.0,41,3,44,4,3,0,19,26637,39,1688,1727,63,1937,2000,12012,608,397,31740,7681,30360,448,1068,1516,298,976,1274,4824,803,16397,780,596,1376,908,1272,674,678,5,293,347,5,0,1023,0,32433,28108,60541,0,0,0,1241538,766959,2008497,0,0,0,19869,26768,2077,1337,10487,0,0,3
2021-05-18,4379,3,3084,39384,810.0,83.0,43.0,504.0,311.0,2974.0,571.0,0.0,0.0,0.0,0.0,43,7,57,7,4,0,16,26899,76,1629,1705,26,1657,1683,12041,642,394,31740,7748,30335,428,1093,1521,275,975,1250,4345,1339,17203,784,617,1401,943,1272,675,673,12,329,365,12,0,1034,0,45669,32290,77959,0,0,0,1287207,799249,2086456,0,0,0,30516,29892,4641,2396,10512,0,0,2
2021-05-19,5406,2,3182,41564,1447.0,95.0,61.0,578.0,353.0,3733.0,667.0,0.0,0.0,0.0,0.0,44,3,44,8,2,0,17,27471,70,2130,2200,26,1336,1362,12858,707,413,31740,7880,30332,507,1214,1721,277,917,1194,5065,980,17602,782,622,1404,943,1268,676,741,12,314,417,12,0,1038,0,50064,34019,84083,0,0,0,1337271,833268,2170539,0,0,0,30236,32214,9284,1805,10542,0,0,2
2021-05-20,6116,1,3426,44212,1491.0,106.0,69.0,626.0,444.0,4267.0,711.0,0.0,0.0,0.0,0.0,51,4,42,5,2,0,16,27997,37,1901,1938,40,1793,1833,12943,701,406,32478,8081,31035,470,1272,1742,288,1088,1376,5305,953,17801,813,626,1439,960,1272,675,786,11,323,435,11,0,1073,0,59122,21907,81029,0,0,0,1396393,855175,2251568,0,0,0,32826,20736,15214,1168,11064,0,0,21
2021-05-21,5832,0,4010,45983,1162.0,95.0,78.0,634.0,382.0,4097.0,664.0,0.0,0.0,0.0,0.0,47,3,51,7,1,0,14,28067,76,2129,2205,27,2391,2418,12833,738,416,32478,8194,31035,519,1269,1788,319,1053,1372,5376,1011,16880,813,626,1439,960,1272,675,862,8,352,465,8,0,1112,0,42167,18771,60938,0,0,0,1438560,873946,2312506,0,0,0,19077,18114,12053,653,11034,0,0,7
2021-05-22,5648,1,4089,47471,1193.0,115.0,74.0,737.0,405.0,3670.0,743.0,0.0,0.0,0.0,0.0,40,9,71,7,4,0,17,27659,51,2440,2491,32,1699,1731,13644,715,431,32533,8352,31104,463,1318,1781,308,1071,1379,5618,1017,16080,826,599,1425,938,1263,661,867,11,310,469,11,3,1132,0,43182,3178,46360,0,0,0,1481742,877124,2358866,0,0,0,14063,2407,19689,769,9430,0,0,2
2021-05-23,6499,5,3240,50666,1540.0,122.0,92.0,829.0,427.0,4258.0,824.0,0.0,0.0,0.0,0.0,47,5,64,9,3,0,14,27599,54,2762,2816,38,1222,1260,15179,703,386,32533,8453,31080,500,1259,1759,276,1029,1305,5765,1042,16544,824,625,1449,962,1257,669,879,17,325,463,17,5,1127,0,37937,8367,46304,0,0,0,1519679,885491,2405170,0,0,0,12215,7106,15162,1261,10555,0,0,5
2021-05-24,6001,25,3149,53458,1410.0,117.0,85.0,757.0,452.0,4109.0,623.0,0.0,0.0,0.0,0.0,56,5,60,7,3,0,13,26975,38,2273,2311,46,1242,1288,16168,723,491,32681,8573,31221,495,1290,1785,309,971,1280,6123,1082,17010,827,629,1456,970,1259,669,915,13,311,461,13,5,1121,0,69570,26022,95592,0,0,0,1589249,911513,2500762,0,0,0,25265,24688,30937,1333,13360,0,0,9
2021-05-25,6662,1,3296,56759,1307.0,117.0,88.0,869.0,505.0,4499.0,743.0,0.0,0.0,0.0,0.0,55,4,65,5,3,0,20,26910,57,2145,2202,56,1660,1716,16430,1043,394,32829,8777,31365,487,1342,1829,309,1222,1531,6223,1187,17487,825,635,1460,976,1263,669,991,14,321,500,14,0,1150,0,69565,30690,100255,0,0,0,1658814,942203,2601017,0,0,0,23862,27645,32423,3044,13273,0,0,8
2021-05-26,6689,5,4153,59216,1220.0,115.0,94.0,863.0,445.0,4581.0,721.0,0.0,0.0,0.0,0.0,54,8,79,7,5,0,15,27453,64,2489,2553,42,1647,1689,17550,707,406,32829,8839,31362,485,1399,1884,354,1226,1580,6369,1133,17455,830,633,1463,982,1272,665,980,15,326,512,15,9,1153,0,20294,1899,22193,0,0,0,1679108,944102,2623210,0,0,0,2629,1630,3940,268,13724,1,0,1
2021-05-27,7284,7,4126,62315,1363.0,139.0,120.0,944.0,542.0,4971.0,760.0,0.0,0.0,0.0,0.0,53,3,59,8,6,0,18,27482,80,2085,2165,57,2482,2539,17205,719,363,32922,8920,31424,581,1367,1948,325,954,1279,6572,1140,17529,833,661,1494,985,1272,668,986,12,287,501,12,11,1118,0,58703,49466,108169,0,0,0,1737811,993568,2731379,0,0,0,19007,41549,26337,7911,13343,0,0,22
2021-05-28,7416,0,4372,65261,1641.0,120.0,105.0,1002.0,559.0,4984.0,785.0,0.0,0.0,0.0,0.0,55,2,98,13,2,0,20,28655,66,2501,2567,45,2494,2539,17306,734,372,32922,8997,31424,611,1442,2053,310,1286,1596,6705,1141,16830,833,661,1494,985,1272,668,1021,9,291,531,9,7,1105,0,46792,27427,74219,0,0,0,1784603,1020995,2805598,0,0,0,14735,18439,18612,8985,13440,0,0,8
2021-05-29,8202,3,5033,68363,1624.0,152.0,137.0,1119.0,549.0,5565.0,792.0,0.0,0.0,0.0,0.0,84,8,67,2,1,0,16,29061,86,2585,2671,44,2897,2941,16946,796,375,32922,9058,31428,450,1443,1893,346,1472,1818,6647,1048,16561,833,657,1490,981,1272,668,1015,8,282,538,8,3,1147,0,50993,14976,65969,0,0,0,1835596,1035971,2871567,0,0,0,17694,12254,19749,2722,13542,0,0,8
2021-05-30,6370,3,4703,69932,1158.0,125.0,85.0,884.0,454.0,4198.0,655.0,0.0,0.0,0.0,0.0,76,8,98,13,6,0,21,29281,54,2755,2809,44,2723,2767,16956,731,363,32928,9256,31427,399,1480,1879,347,1347,1694,6837,1022,16569,834,663,1497,982,1268,672,1020,11,283,540,11,5,1137,0,38338,24331,62669,0,0,0,1873934,1060302,2934236,0,0,0,9701,17087,15311,7242,13319,0,0,9
2021-05-31,6409,2,4861,71390,1230.0,135.0,96.0,977.0,497.0,4160.0,684.0,0.0,0.0,0.0,0.0,66,8,90,10,7,0,18,30421,96,2230,2326,48,2355,2403,16376,758,352,32968,9311,31452,498,1235,1733,317,1339,1656,6721,1073,16040,834,678,1512,997,1277,672,1050,8,293,562,8,10,1169,0,67560,28580,96140,0,0,0,1941494,1088882,3030376,0,0,0,24442,24379,29516,4196,13579,0,0,28
2021-06-01,6270,2,5534,72045,1276.0,131.0,107.0,886.0,460.0,4222.0,648.0,0.0,0.0,0.0,0.0,65,5,81,9,7,0,20,30403,43,2014,2057,49,2267,2316,16158,702,228,33690,9576,32174,513,1355,1868,396,1235,1631,6776,1212,16012,834,678,1512,997,1277,672,1049,6,301,548,6,6,1198,0,75415,24426,99841,0,0,0,2016909,1113308,3130217,0,0,0,30708,21216,30668,3208,14029,2,0,10
2021-06-02,7001,0,5158,73810,1366.0,150.0,123.0,960.0,479.0,4760.0,604.0,0.0,0.0,0.0,0.0,106,9,78,8,1,0,30,31879,55,2659,2714,44,2107,2151,16698,720,228,33723,9650,32216,388,1386,1774,321,1256,1577,6714,1114,16734,838,665,1503,997,1270,670,1060,8,305,562,8,6,1169,0,96973,9874,106847,0,0,0,2113882,1123182,3237064,0,0,0,36215,7996,46234,1877,14514,1,0,10
2021-06-03,7375,58,6411,74671,1708.0,118.0,105.0,865.0,508.0,5135.0,664.0,0.0,0.0,0.0,0.0,89,7,103,5,3,0,19,32509,81,2380,2461,32,2413,2445,16597,721,218,33723,9650,32216,458,1344,1802,331,1352,1683,6695,1189,16769,838,665,1503,997,1270,670,1040,11,313,491,11,9,1128,0,111339,7834,119173,0,0,0,2225221,1131016,3356237,0,0,0,38852,3239,57687,4595,14794,0,0,6
2021-06-04,6877,1,6011,75466,1568.0,151.0,101.0,885.0,458.0,4648.0,605.0,0.0,0.0,0.0,0.0,79,7,71,4,0,0,21,32623,45,2396,2441,41,2346,2387,16557,710,220,33723,9708,32214,468,1280,1748,396,1506,1902,6476,1131,16540,838,667,1505,999,1270,670,1020,8,305,546,8,7,1137,0,86368,4954,91322,3,0,0,2311589,1135970,3447559,3,0,0,27556,2723,43001,2230,15803,1,0,8
2021-06-05,6762,3,5493,76652,1641.0,139.0,107.0,891.0,436.0,4548.0,615.0,0.0,0.0,0.0,0.0,96,7,83,8,6,0,21,31772,50,2226,2276,57,2309,2366,16572,703,213,33723,9733,32212,483,1364,1847,338,1233,1571,6622,1025,16253,839,668,1507,1005,1270,670,1023,9,307,554,8,14,1144,0,72156,1392,73548,0,0,0,2383745,1137362,3521107,3,0,0,34165,1328,22716,63,15274,0,0,2
2021-06-06,5796,13,4675,77702,1242.0,145.0,105.0,822.0,364.0,3953.0,490.0,0.0,0.0,0.0,0.0,83,6,71,10,4,0,15,31875,57,2166,2223,44,2271,2315,16547,704,233,33723,9861,32200,473,1382,1855,287,1163,1450,6648,1125,16016,840,679,1519,1020,1264,680,1059,8,334,545,8,5,1158,0,81051,1599,82650,1,0,0,2464796,1138961,3603757,4,0,0,38604,1508,28409,91,14033,0,0,5
2021-06-07,4808,0,7055,75379,1030.0,130.0,110.0,660.0,357.0,3298.0,453.0,0.0,0.0,0.0,0.0,74,4,76,5,2,1,19,32203,38,1677,1715,61,2571,2632,15598,702,233,33723,9871,32200,461,1312,1773,363,1266,1629,6474,1084,15529,840,679,1519,1020,1264,680,1045,10,318,565,10,4,1145,0,60738,5085,65823,4,0,0,2525534,1144046,3669580,8,0,0,11266,3565,31216,1520,18248,0,0,8
2021-06-08,5073,2,6383,74004,1422.0,116.0,77.0,630.0,332.0,3558.0,433.0,0.0,0.0,0.0,0.0,68,5,65,12,2,0,22,32498,23,1950,1973,59,2172,2231,15575,701,239,33723,9881,32195,424,1273,1697,301,1297,1598,6372,1082,16479,839,685,1524,1024,1259,681,1024,8,310,549,8,7,1133,0,108398,46235,154633,2,0,0,2633932,1190281,3824213,10,0,0,51169,41228,36589,5005,20633,2,0,7
2021-06-09,5518,8,6581,72856,1319.0,129.0,91.0,697.0,378.0,3744.0,484.0,0.0,0.0,0.0,0.0,70,9,85,8,5,0,24,32075,35,1836,1871,34,1646,1680,14862,687,294,33723,10215,32173,365,1196,1561,374,1193,1567,6362,1034,16815,861,685,1546,1046,1249,676,1018,7,313,546,7,3,1121,0,116238,40675,156913,0,0,0,2750170,1230956,3981126,10,0,0,61354,31538,38955,9136,15925,1,0,4
2021-06-10,4884,5,6719,70960,1219.0,120.0,107.0,674.0,363.0,3321.0,445.0,0.0,0.0,0.0,0.0,69,6,61,4,6,0,22,33049,64,1864,1928,35,1948,1983,15404,679,234,33723,10259,32164,514,1213,1727,342,1321,1663,6287,1106,17057,861,694,1555,1055,1245,679,1000,11,297,543,11,8,1194,0,113699,47373,161072,2,0,0,2863869,1278329,4142198,12,0,0,52082,32793,39970,14576,21645,1,0,5
2021-06-11,5955,4,6902,69951,2313.0,154.0,93.0,612.0,354.0,4138.0,417.0,0.0,0.0,0.0,0.0,77,10,62,2,4,0,18,33059,61,1854,1915,26,2129,2155,14993,708,219,33895,10389,32336,538,1211,1749,352,1237,1589,6207,1189,16785,861,694,1555,1055,1245,679,1010,4,317,523,4,16,1150,0,96277,30240,126517,1,0,0,2960146,1308569,4268715,13,0,0,30955,18656,40901,11583,24407,1,0,14
2021-06-12,5211,2,7559,67526,1441.0,127.0,97.0,672.0,353.0,3492.0,430.0,0.0,0.0,0.0,0.0,67,5,77,7,2,0,15,33209,39,1825,1864,69,2189,2258,14794,670,276,33895,10371,32333,415,1177,1592,295,1120,1415,6062,1087,16437,861,697,1558,1058,1257,675,1001,13,313,524,13,6,1209,0,103118,34092,137210,4,0,0,3063264,1342661,4405925,17,0,0,40116,14487,42409,19602,20582,2,0,12
2021-06-13,4835,4,7536,64760,1543.0,129.0,79.0,610.0,308.0,3319.0,364.0,0.0,0.0,0.0,0.0,54,4,65,5,4,1,21,33383,34,1969,2003,54,2066,2120,14550,711,286,33895,10427,32333,456,1138,1594,341,1243,1584,6035,1102,16445,861,697,1558,1058,1257,675,1015,11,306,517,11,10,1194,0,104745,26936,131681,1,1,0,3168009,1369597,4537606,18,1,0,43096,12507,39926,14429,21722,0,0,1
2021-06-14,4436,4,6144,62970,1296.0,152.0,78.0,544.0,305.0,3073.0,421.0,0.0,0.0,0.0,0.0,52,3,82,7,3,0,44,33759,32,1675,1707,30,1932,1962,14201,761,235,33895,10427,32333,437,1175,1612,340,1237,1577,5921,1059,17091,861,697,1558,1058,1258,679,995,5,328,552,5,3,1215,0,147227,55829,203056,2,0,0,3315236,1425426,4740662,20,1,0,54788,25230,67399,30596,25029,1,0,13
2021-06-15,4764,3,6039,61625,1472.0,147.0,87.0,617.0,324.0,3201.0,444.0,0.0,0.0,0.0,0.0,90,6,70,9,5,0,27,34047,50,1714,1764,32,1762,1794,14153,765,201,34043,10542,32478,512,1313,1825,392,1332,1724,5932,1121,17319,863,690,1553,1060,1254,678,977,9,333,523,9,4,1206,0,166571,56101,222672,3,0,0,3481807,1481527,4963334,23,1,0,59742,24076,82334,32024,24417,0,0,79
2021-06-16,4664,0,6555,59657,1075.0,182.0,82.0,612.0,340.0,3113.0,432.0,0.0,0.0,0.0,0.0,67,8,77,11,5,0,17,34812,43,2039,2082,61,1586,1647,14631,1154,200,34063,10510,32491,473,1100,1573,327,1203,1530,5838,996,17750,861,699,1560,1055,1255,682,1012,9,353,544,8,7,1189,0,205538,8237,213775,15,1,0,3687345,1489764,5177109,38,2,0,70749,3395,110922,4840,23866,2,0,1
2021-06-17,5090,1,6701,57971,1491.0,170.0,93.0,646.0,338.0,3634.0,399.0,0.0,0.0,0.0,0.0,57,2,75,10,4,0,16,34867,65,1873,1938,48,1613,1661,14947,1123,200,34063,10513,32439,450,1464,1914,356,1080,1436,5913,1041,17793,890,722,1612,1057,1244,695,993,10,362,542,10,5,1227,0,184401,44326,228727,2,0,0,3871746,1534090,5405836,40,2,0,59649,18723,99009,25595,25731,0,0,20
2021-06-18,5618,0,6022,57493,1968.0,172.0,95.0,655.0,308.0,3622.0,409.0,0.0,0.0,0.0,0.0,70,6,74,11,8,0,26,34851,40,2166,2206,29,1961,1990,15090,1165,250,34063,10519,32445,580,1296,1876,266,1247,1513,5944,1086,17436,890,716,1606,1051,1245,695,993,10,357,523,10,5,1154,0,152676,32683,185359,3,0,0,4024422,1566773,5591195,43,2,0,40782,14552,86636,18131,25256,0,0,2
2021-06-19,5425,1,6209,56647,2093.0,231.0,98.0,606.0,314.0,3834.0,385.0,0.0,0.0,0.0,0.0,57,8,62,11,4,0,34,32959,101,2791,2892,34,1960,1994,14569,1283,196,33929,10449,32311,499,1125,1624,293,1190,1483,5812,1002,16772,890,716,1606,1051,1245,695,975,9,351,504,8,5,1155,0,135087,36236,171323,7,0,0,4159509,1603009,5762518,50,2,0,51773,16451,63461,19782,19853,0,0,3
2021-06-20,4910,7,5482,56012,1760.0,187.0,65.0,605.0,321.0,3281.0,350.0,0.0,0.0,0.0,0.0,56,7,63,9,8,0,13,34950,42,2027,2069,36,1760,1796,14974,1119,213,34063,10652,32445,434,1088,1522,330,1079,1409,5876,1040,17036,890,716,1606,1051,1245,695,954,7,357,506,7,5,1147,0,121561,24218,145779,3,1,0,4281070,1627227,5908297,53,3,0,37406,8934,65153,15284,18998,0,0,4
2021-06-21,4286,8,4973,55254,1700.0,188.0,69.0,528.0,289.0,2871.0,332.0,0.0,0.0,0.0,0.0,58,5,71,10,7,0,21,34583,231,1719,1950,34,1910,1944,14823,1314,218,34063,10652,32445,448,1138,1586,343,1047,1390,5807,1069,17420,890,716,1606,1051,1245,695,953,5,339,525,5,7,1177,0,190269,54660,244929,9,0,0,4471339,1681887,6153226,62,3,0,47604,25237,116876,29420,25782,3,0,7
2021-06-22,4101,1,5162,54117,1287.0,203.0,81.0,563.0,266.0,2792.0,382.0,0.0,0.0,0.0,0.0,72,10,76,10,9,0,16,34375,141,1805,1946,340,1656,1996,14748,1334,201,34068,10664,32450,508,1306,1814,330,1246,1576,5770,1103,17452,890,716,1606,1051,1245,695,984,6,353,519,6,6,1221,0,198511,60926,259437,26,0,0,4669850,1742813,6412663,88,3,0,48402,30681,126548,30236,23559,7,0,4
2021-06-23,4700,7,5587,53157,1568.0,266.0,86.0,599.0,273.0,3256.0,377.0,0.0,0.0,0.0,0.0,76,10,73,6,11,0,44,34325,52,1773,1825,62,1488,1550,15167,1160,213,34463,10664,32845,566,1248,1814,355,1314,1669,5710,1126,17752,890,716,1606,1051,1245,695,983,5,364,490,5,7,1175,0,184576,79974,264550,18,0,0,4854426,1822787,6677213,106,3,0,38679,35195,122928,44772,22963,1,0,12
2021-06-24,5272,2,4705,53658,1741.0,322.0,100.0,702.0,349.0,3603.0,437.0,0.0,0.0,0.0,0.0,74,5,66,14,8,0,35,34700,44,1827,1871,41,1660,1701,15366,1157,205,34387,10642,32764,516,1237,1753,396,1147,1543,5745,1089,17663,902,709,1611,1050,1258,697,975,5,362,492,5,9,1158,0,182310,94571,276881,12,0,0,5036736,1917358,6954094,118,3,0,32789,37679,126470,56880,23021,7,0,35
2021-06-25,5027,21,5896,52717,1717.0,251.0,110.0,529.0,300.0,3459.0,369.0,0.0,0.0,0.0,0.0,64,15,72,4,11,0,41,34397,49,2156,2205,40,1963,2003,14954,1123,209,34787,10609,33209,475,1137,1612,356,1239,1595,5808,993,17409,874,692,1566,1067,1257,698,976,6,360,490,6,7,1184,0,153800,68146,221946,4,2,0,5190536,1985504,7176040,122,5,0,28718,26405,103143,41733,21935,4,0,8
2021-06-26,5151,4,4642,53145,1830.0,316.0,96.0,533.0,305.0,3767.0,387.0,0.0,0.0,0.0,0.0,67,8,81,12,13,0,14,34819,35,2144,2179,38,1852,1890,15450,1106,918,34787,10609,33209,443,1138,1581,345,1184,1529,5716,962,16278,874,692,1566,1067,1257,698,971,6,359,429,6,4,1165,0,141161,56277,197438,7,0,0,5331697,2041781,7373478,129,5,0,34052,34338,88583,21939,18322,0,0,204
2021-06-27,4954,1,4306,53726,1878.0,338.0,118.0,536.0,295.0,3668.0,353.0,0.0,0.0,0.0,0.0,45,4,67,11,14,1,41,34570,42,2068,2110,32,1788,1820,15683,1122,155,34787,10719,33151,449,1029,1478,284,877,1161,5654,1053,16690,897,727,1624,1105,1277,696,988,6,355,500,6,5,1175,0,111518,66068,177586,6,0,0,5443215,2107849,7551064,135,5,0,22545,38351,72519,27715,16454,1,0,1
2021-06-28,4741,7,4236,54152,1604.0,288.0,102.0,617.0,329.0,3380.0,330.0,0.0,0.0,0.0,0.0,54,4,79,5,8,0,18,34521,59,1750,1809,28,1774,1802,15446,1137,201,34787,10770,33146,426,1163,1589,362,1133,1495,5873,1015,16854,897,732,1629,1105,1291,701,1012,13,351,435,13,8,1158,0,166111,43518,209629,11,3,0,5609326,2151367,7760693,146,8,0,41659,11564,103590,31935,20821,4,0,56
2021-06-29,5044,12,4702,54415,1602.0,306.0,134.0,604.0,323.0,3177.0,379.0,0.0,0.0,0.0,0.0,96,13,79,17,11,1,45,34391,41,1806,1847,54,1659,1713,15460,1088,202,34931,10764,33231,460,1109,1569,315,1293,1608,5947,945,17639,939,749,1688,1104,1310,710,1013,10,387,505,10,6,1187,0,158289,85321,243610,9,1,0,5767615,2236688,8004303,155,9,0,31115,49250,106193,36068,20976,3,0,5
2021-06-30,5640,9,4379,55580,1500.0,420.0,140.0,733.0,347.0,3921.0,431.0,0.0,0.0,0.0,0.0,57,7,96,12,19,0,25,34191,25,2244,2269,74,1863,1937,15663,964,238,34931,10750,33229,397,1020,1417,336,1130,1466,5854,892,17075,941,749,1690,1106,1310,710,1017,6,381,524,6,2,1206,0,173612,96668,270280,2,0,0,5941227,2333356,8274583,157,9,0,27904,58399,124390,38257,21272,7,0,51
2021-07-01,5990,5,4868,56618,1767.0,522.0,161.0,744.0,352.0,4018.0,443.0,39388.0,47304.0,86692.0,0.7641072392724252,77,8,84,17,9,1,10,34269,41,2399,2440,31,1787,1818,16122,948,214,34861,10781,33159,474,1267,1741,369,1234,1603,6036,903,17516,941,749,1690,1106,1310,710,1056,3,361,525,3,2,1165,0,183388,86441,269829,8,1,0,6124615,2419797,8544412,165,10,0,27326,47548,134660,38881,21397,11,0,6
2021-07-02,6325,2,5370,57478,2021.0,478.0,171.0,681.0,392.0,4577.0,460.0,36828.0,49156.0,85984.0,0.8122913718927305,68,13,95,17,10,2,32,34374,35,1975,2010,30,2019,2049,15819,926,195,34943,10769,33259,412,1217,1629,344,1209,1553,6231,878,17210,924,748,1672,1077,1312,701,1027,3,366,529,3,5,1162,0,169999,70548,240547,1,1,0,6294614,2490345,8784959,166,11,0,28216,30050,119798,40483,21983,15,0,2
2021-07-03,6026,4,5157,58246,1768.0,499.0,158.0,737.0,383.0,4140.0,417.0,28398.0,45680.0,74078.0,0.9258467873313452,86,10,101,12,19,1,15,34299,30,2091,2121,33,2103,2136,15745,856,216,34943,10864,33251,433,1254,1687,408,1184,1592,6380,864,16620,932,748,1680,1077,1312,701,1023,3,361,555,3,11,1238,0,144632,78992,223624,5,3,0,6439246,2569337,9008583,171,14,0,25931,38738,100096,40246,18604,7,0,2
2021-07-04,5413,1,4736,58826,1680.0,473.0,133.0,768.0,352.0,3780.0,352.0,24286.0,37562.0,61848.0,1.0482089872463118,52,5,97,12,17,1,9,34307,52,2290,2342,230,1921,2151,15697,916,233,35257,10917,33546,368,1110,1478,289,931,1220,6590,900,17093,940,759,1699,1088,1325,716,1070,5,360,550,5,10,1258,0,134914,80440,215354,1,1,0,6574160,2649777,9223937,172,15,0,27203,42581,88786,37853,18925,6,0,0
2021-07-05,5543,7,4200,60080,1689.0,471.0,159.0,666.0,314.0,4040.0,352.0,39830.0,37465.0,77295.0,0.7882528582293922,67,13,89,14,17,0,29,34150,185,1977,2162,117,2002,2119,15695,713,233,35257,11098,33543,376,1111,1487,289,1014,1303,6640,913,17372,940,762,1702,1091,1324,713,1071,3,360,550,3,7,1257,0,206358,120497,326855,4,1,0,6780518,2770274,9550792,176,16,0,34624,53945,150095,65849,21638,699,0,5
2021-07-06,6071,4,4187,61865,1653.0,542.0,158.0,829.0,346.0,4291.0,416.0,35619.0,45120.0,80739.0,0.8117416806985308,85,6,99,10,23,0,44,34717,27,1819,1846,37,2123,2160,15474,668,527,35257,11166,33543,437,1266,1703,310,1033,1343,6745,927,17537,940,762,1702,1091,1324,713,1107,5,341,546,5,14,1225,0,216799,138185,354984,5,2,0,6997317,2908459,9905776,181,18,0,38298,57363,156716,80801,21783,18,0,5
2021-07-07,6066,6,4419,63382,1737.0,542.0,159.0,719.0,406.0,4330.0,393.0,37166.0,50270.0,87436.0,0.7828466161319536,81,9,130,13,24,0,31,34034,51,2104,2155,39,1699,1738,15752,689,201,35257,11171,33534,415,1210,1625,342,1051,1393,6857,879,17491,951,760,1711,1119,1318,738,1113,4,334,577,4,45,1290,0,218582,175586,394168,17,7,0,7215899,3084045,10299944,198,25,0,39791,63003,157246,108219,21544,4362,0,3
2021-07-08,7688,6,5214,65714,2255.0,771.0,231.0,797.0,451.0,5606.0,552.0,41135.0,51357.0,92492.0,0.87490377240756,109,16,142,34,32,2,40,34109,69,1989,2058,25,2248,2273,15412,661,206,35257,11198,33534,444,1214,1658,377,1257,1634,6835,912,17323,951,760,1711,1119,1318,738,1110,2,332,585,2,14,1293,6,229437,159402,388839,15,1,0,7445336,3243447,10688783,213,26,0,40507,58725,167305,97325,21599,3344,0,34
2021-07-09,7893,7,4961,68490,1914.0,791.0,227.0,960.0,451.0,5601.0,526.0,44331.0,55823.0,100154.0,0.8333682505211433,60,6,156,19,44,5,27,34119,57,1699,1756,20,2210,2230,14727,672,210,35257,11217,33534,396,1283,1679,265,1068,1333,7002,888,16901,951,760,1711,1119,1318,738,1125,9,344,593,9,8,1272,0,220283,129164,349447,17,0,0,7665619,3372611,11038230,230,26,0,43441,40762,154930,84966,21909,3436,0,3
2021-07-10,7916,9,5319,70958,2529.0,797.0,262.0,803.0,401.0,5557.0,513.0,41603.0,48000.0,89603.0,1.1056562068519056,82,8,129,20,29,3,14,34023,43,1557,1600,20,2126,2146,13936,663,157,35257,11292,33538,471,1269,1740,324,1152,1476,7041,937,16358,924,783,1707,1125,1315,750,1128,9,371,590,9,11,1260,0,219715,115684,335399,13,4,0,7885334,3488295,11373629,243,30,0,51556,49460,149701,62714,18454,3500,0,14
2021-07-11,7809,4,4640,73979,1787.0,881.0,273.0,1011.0,478.0,5525.0,537.0,36339.0,48082.0,84421.0,0.922355079834028,69,7,148,20,38,0,22,34661,53,1779,1832,23,1946,1969,13811,663,221,35257,11319,33538,335,1402,1737,291,1006,1297,7279,845,16040,924,783,1707,1125,1315,750,1145,14,369,594,20,0,1248,0,194269,102435,296704,6,0,0,8079603,3590730,11670333,249,30,0,50698,37445,125204,61564,18367,3426,0,0
2021-07-12,7920,20,4580,77172,1661.0,944.0,284.0,1109.0,543.0,5487.0,581.0,62364.0,48662.0,111026.0,0.7879281449746814,87,9,147,41,34,3,79,34597,43,1859,1902,35,1954,1989,13572,628,201,35376,11343,33634,381,1241,1622,301,1027,1328,7382,931,16378,941,789,1730,1141,1330,752,1214,14,322,619,14,8,1250,0,271292,162028,433320,41,3,0,8350895,3752758,12103653,290,33,0,74345,45917,175848,112696,21094,3415,0,5
2021-07-13,9481,10,4838,81655,2310.0,1068.0,349.0,1288.0,627.0,6488.0,598.0,64954.0,56801.0,121755.0,0.859633627599192,105,9,160,21,35,1,70,34710,64,2056,2120,38,1838,1876,13899,545,220,35376,11412,33615,452,1324,1776,293,1122,1415,7441,878,16844,956,793,1749,1152,1331,759,1235,20,353,657,20,6,1281,11,267513,170363,437876,48,17,0,8618408,3923121,12541529,338,50,0,70275,46454,178591,120409,18599,3499,0,49
2021-07-14,9829,14,5822,85515,1913.0,1310.0,432.0,1692.0,605.0,6619.0,602.0,64508.0,59796.0,124304.0,0.8954440347599357,100,9,147,31,40,2,28,33652,56,2250,2306,34,1735,1769,14430,647,210,35376,11391,33604,287,1571,1858,236,1035,1271,7904,875,16891,961,799,1760,1152,1331,764,1076,6,382,576,15,296,1214,0,294257,162417,456674,31,10,0,8912665,4085538,12998203,369,60,0,81945,39876,191273,119208,21027,3331,0,14
2021-07-15,11663,8,5205,91791,2530.0,1455.0,428.0,1589.0,799.0,8141.0,646.0,69343.0,62699.0,132042.0,0.9443782479917582,87,6,182,34,45,2,39,33261,33,2239,2272,45,1805,1850,14312,649,221,35376,11513,33605,431,1424,1855,314,1062,1376,8098,917,16009,955,804,1759,1158,1331,792,1020,0,319,570,0,342,1277,0,317249,160148,477397,26,4,0,9229914,4245686,13475600,395,64,0,101552,36221,192378,123896,23319,31,0,0
2021-07-16,10937,4,6175,96371,2430.0,1452.0,436.0,1333.0,632.0,7941.0,666.0,59983.0,65440.0,125423.0,0.9700650455550949,91,21,182,38,52,2,21,33669,44,2378,2422,32,1586,1618,14946,636,176,35598,12025,33812,487,1282,1769,335,933,1268,8306,1094,16355,943,831,1774,1177,1331,792,1066,0,402,558,0,295,1194,2,283987,133273,417260,49,0,0,9513901,4378959,13892860,444,64,0,95794,32021,165638,101187,22553,64,0,3
2021-07-17,10747,4,6048,100845,2608.0,1534.0,392.0,1452.0,729.0,7530.0,682.0,53218.0,62220.0,115438.0,1.0826507159117933,122,16,225,36,55,2,12,33013,112,2791,2903,34,1985,2019,16251,642,184,35598,12101,33802,423,1544,1967,283,1065,1348,8520,1082,15577,925,859,1784,1187,1331,792,1103,58,423,579,8,319,1236,14,264293,130865,395158,75,3,0,9778194,4509824,14288018,519,67,0,96944,35161,148671,86234,18597,9359,0,192
2021-07-18,9714,3,5210,105139,2015.0,1335.0,383.0,1274.0,594.0,6869.0,603.0,46179.0,51383.0,97562.0,1.1301841838705293,134,22,210,36,57,4,16,33816,106,2423,2529,168,1787,1955,16067,528,201,35598,12125,33802,380,1434,1814,287,1163,1450,8739,1193,15568,925,859,1784,1192,1331,792,1100,61,431,569,5,357,1218,11,252181,103555,355736,81,1,0,10030375,4613379,14643754,600,68,0,98540,24855,134381,69131,19246,9569,0,14
2021-07-19,10315,44,5676,109591,2300.0,1655.0,439.0,1411.0,674.0,7452.0,633.0,65469.0,53027.0,118496.0,1.0589356412348523,118,12,187,30,49,2,22,34606,51,2156,2207,41,1622,1663,17072,568,239,35598,12221,33814,327,1360,1687,284,893,1177,9460,1128,16014,911,861,1772,1178,1331,796,1121,62,449,577,2,326,1250,13,288157,154195,442352,14,12,0,10318532,4767574,15086106,614,80,0,129576,39047,137136,104957,21445,10150,0,41
2021-07-20,10736,4,6104,114000,2426.0,1673.0,417.0,1384.0,761.0,7647.0,671.0,32162.0,51921.0,84083.0,1.3765699371915507,91,10,223,49,58,1,22,35161,62,2646,2708,23,1875,1898,17887,594,161,35598,12287,33814,404,1424,1828,484,1288,1772,9143,1008,15877,911,861,1772,1178,1331,796,1128,59,402,572,4,309,1112,15,207971,102967,310938,21,7,0,10526503,4870541,15397044,635,87,0,71502,11698,117663,81104,18806,10164,0,1
2021-07-21,10760,5,6949,117575,1921.0,1882.0,497.0,1712.0,830.0,7230.0,759.0,65412.0,54406.0,119818.0,1.1264284844075783,142,23,236,42,72,9,21,29737,56,2321,2377,44,1719,1763,18477,582,179,34600,12252,32786,338,1463,1801,274,1091,1365,9308,998,15704,917,885,1802,1239,1374,791,1113,0,378,582,0,316,1215,2,288227,169996,458223,93,4,0,10814730,5040537,15855267,728,91,0,123967,32426,144052,127291,20137,10278,0,72
2021-07-22,11323,17,7282,121372,2250.0,2160.0,600.0,1608.0,788.0,7965.0,724.0,69708.0,63846.0,133554.0,0.9352796523317434,102,14,244,42,84,8,16,35036,81,2538,2619,76,2109,2185,18890,524,187,35581,12823,33797,424,1613,2037,314,1162,1476,9412,1062,16226,886,886,1772,1209,1374,791,1150,63,361,579,1,324,1215,13,342611,176409,519020,44,2,0,11157341,5216946,16374287,772,93,0,170311,33340,151722,132415,20576,10651,0,5
2021-07-23,13469,20,8807,125787,1993.0,2686.0,630.0,1827.0,990.0,9414.0,902.0,64848.0,69143.0,133991.0,1.0514071595040613,127,7,247,42,84,7,17,35311,85,2472,2557,43,2259,2302,19253,569,191,35581,13009,33773,453,1799,2252,329,1347,1676,9527,1188,16060,890,906,1796,1220,1404,757,1127,63,412,565,1,312,1161,19,313848,164291,478139,81,2,0,11471189,5381237,16852426,853,95,0,148570,31798,145567,121848,19705,10640,0,11
2021-07-24,13437,11,8088,130874,2557.0,2620.0,610.0,1796.0,861.0,9480.0,1032.0,59755.0,58424.0,118179.0,1.2893304414690074,171,26,262,50,82,14,19,35012,88,2360,2448,44,2169,2213,19376,580,238,35558,13187,33750,379,1631,2010,313,1179,1492,9897,1092,15177,890,906,1796,1210,1418,775,1172,0,367,623,3,329,1239,16,295229,137392,432621,68,2,0,11766418,5518629,17285047,921,97,0,148560,26941,129143,101339,17525,9112,0,1
2021-07-25,14950,1,8389,137160,2786.0,2955.0,724.0,1886.0,959.0,10512.0,862.0,48504.0,57640.0,106144.0,1.4676432893418463,80,8,275,50,84,7,23,35798,99,2778,2877,55,2357,2412,19603,577,200,35558,13230,33750,395,1773,2168,307,1075,1382,10134,1125,15461,890,906,1796,1210,1421,776,1205,80,364,622,9,290,1268,16,291892,124884,416776,51,0,0,12058310,5643513,17701823,972,97,0,138075,26930,135741,87661,18075,10293,0,1
2021-07-26,12997,3,8668,141262,2566.0,2334.0,599.0,1857.0,885.0,8857.0,764.0,81520.0,50663.0,132183.0,1.0607905362156587,156,13,227,48,73,8,18,35505,87,2787,2874,76,2311,2387,19863,580,195,35941,13381,34118,377,1567,1944,262,1206,1468,10375,1133,15813,905,906,1811,1218,1436,779,1123,71,450,609,3,315,1271,17,342101,195335,537436,57,2,0,12400411,5838848,18239259,1029,99,0,191581,35586,132392,146827,18124,12920,0,6
2021-07-27,13538,6,9935,144628,2688.0,2617.0,732.0,1949.0,1022.0,9468.0,879.0,74390.0,62291.0,136681.0,1.0943382903557344,173,28,237,67,57,6,66,35508,65,2784,2849,56,2662,2718,19610,547,184,35941,13550,34149,430,1867,2297,312,1560,1872,10421,1070,16122,878,902,1780,1206,1435,790,1125,64,448,600,5,328,1329,26,365960,205582,571542,93,1,0,12766371,6044430,18810801,1122,100,0,214017,38660,133597,153952,18315,12967,0,34
2021-07-28,14457,2,10629,148170,2638.0,3254.0,845.0,2137.0,1057.0,9984.0,949.0,69136.0,64664.0,133800.0,1.1630466802326902,129,10,286,57,88,8,61,35692,88,2912,3000,114,2176,2290,20135,527,191,35941,13942,34145,403,1719,2122,350,1271,1621,10529,1056,16233,878,906,1784,1210,1435,791,1241,62,414,651,2,322,1324,31,374548,206735,581283,777,7,0,13140919,6251165,19392084,1899,107,0,205857,38961,156639,154208,12044,13562,0,12
2021-07-29,14948,13,11473,151390,2258.0,3411.0,887.0,2132.0,1038.0,10522.0,920.0,70062.0,69648.0,139710.0,1.1886830522423029,154,26,255,59,68,13,18,36305,99,3116,3215,52,2591,2643,20664,571,210,35941,13923,34139,412,1693,2105,335,1366,1701,10826,1063,16058,881,909,1790,1204,1442,803,1257,50,371,658,3,322,1226,28,362056,218063,580119,849,11,0,13502975,6469228,19972203,2748,118,0,212646,42046,135593,162902,13813,13087,0,32
2021-07-30,14626,15,10597,155132,2806.0,3327.0,893.0,2034.0,1038.0,10038.0,900.0,65931.0,73434.0,139365.0,1.2556388498752853,124,6,287,75,93,8,23,36827,68,2808,2876,54,2228,2282,20802,589,187,35941,14191,34088,399,1907,2306,274,1399,1673,10975,1141,15312,899,944,1843,1268,1434,820,1299,51,336,721,2,344,1291,54,331998,202732,534730,780,14,0,13834973,6671960,20506933,3528,132,0,168667,42792,148293,146909,15036,13030,0,3
2021-07-31,15708,9,9950,160622,2806.0,3647.0,1000.0,2468.0,1273.0,10661.0,968.0,57637.0,64055.0,121692.0,1.610614192181502,156,12,268,76,83,11,28,36133,138,3331,3469,79,2561,2640,21315,605,176,35991,14263,34134,379,1940,2319,302,1214,1516,11519,1063,15022,899,948,1847,1272,1434,820,1228,15,463,699,2,284,1351,33,335749,206982,542731,906,7,0,14170722,6878942,21049664,4434,139,0,170527,49349,150846,144733,14372,12889,0,15
2021-08-01,14992,0,10308,165020,2315.0,3773.0,993.0,2349.0,1201.0,10030.0,1055.0,47979.0,49973.0,97952.0,1.7920685696736385,135,15,286,84,86,11,20,36526,74,3041,3115,96,3054,3150,21699,583,182,35991,14351,34134,312,1893,2205,257,1318,1575,11507,1103,15099,899,948,1847,1272,1434,820,1192,51,377,692,4,341,1387,31,309850,185093,494943,565,2,0,14480572,7064035,21544607,4999,141,0,156168,48763,140975,123468,12703,12862,0,4
2021-08-02,14182,4,11037,167838,2301.0,3694.0,996.0,2124.0,1052.0,9536.0,914.0,79819.0,51284.0,131103.0,1.2317183814830486,178,21,327,78,116,13,216,37314,64,2979,3043,55,3127,3182,21510,633,177,35991,14505,34133,424,1881,2305,344,1554,1898,11627,1047,13767,893,955,1848,1272,1434,820,1213,50,381,724,1,303,1375,51,236615,251148,487763,606,30,0,14717187,7315183,22032370,5605,171,0,157014,71384,75559,166746,4041,13011,0,8
2021-08-03,13926,8,10162,165215,2164.0,3594.0,1007.0,2171.0,1098.0,9314.0,920.0,69536.0,71832.0,141368.0,1.1325622356580414,179,32,286,71,94,15,29,34752,98,2782,2880,56,2540,2596,21307,682,181,34508,14288,32710,394,1945,2339,335,1598,1933,11455,1044,14399,877,911,1788,1231,1393,769,1152,47,349,665,1,292,1324,21,253417,250148,503565,659,29,0,14970604,7565331,22535935,6264,200,0,179527,67907,69708,168993,4083,13197,0,150
2021-08-04,17306,4,11515,177155,2691.0,4716.0,1290.0,2565.0,1279.0,11827.0,1131.0,75194.0,66416.0,141610.0,1.3618702025324088,183,16,250,51,75,15,22,36891,106,2798,2904,89,3228,3317,21450,673,203,36090,14831,34199,448,2210,2658,329,1500,1829,11971,1040,14895,908,973,1881,1298,1446,836,1244,50,371,722,1,305,1433,22,242099,272424,514523,604,16,0,15212703,7837755,23050458,6868,216,0,179138,78659,58598,180113,4362,13648,0,5
2021-08-05,18383,23,12225,183035,2956.0,5599.0,1440.0,2432.0,1308.0,13003.0,1097.0,74413.0,63253.0,137666.0,1.494933493200173,140,21,278,54,82,20,34,37717,105,3433,3538,67,3300,3367,21275,702,176,36090,15086,34202,503,1810,2313,348,1633,1981,11915,1088,15136,919,959,1878,1304,1451,846,1215,0,365,726,0,291,1369,29,234774,303016,537790,569,12,0,15447477,8140771,23588248,7437,228,0,164714,99148,65719,190184,4289,13682,0,54
2021-08-06,18284,3,14332,186672,2414.0,5832.0,1474.0,2495.0,1165.0,12899.0,1108.0,71955.0,69657.0,141612.0,1.425208536166298,143,23,315,77,106,20,95,37547,88,3354,3442,51,2895,2946,21685,697,175,36296,15227,34408,476,2397,2873,385,1811,2196,12007,1094,14998,919,959,1878,1304,1451,846,1244,58,390,743,2,295,1415,32,203638,265208,468846,439,33,0,15651115,8405979,24057094,7876,261,0,125364,93200,63811,157172,14459,14831,0,9
2021-08-07,16751,1,13987,189150,2629.0,5265.0,1352.0,2332.0,1261.0,11411.0,1162.0,65844.0,64712.0,130556.0,1.8172946588060475,177,32,286,48,92,15,40,37628,94,3302,3396,78,2895,2973,21990,748,161,36296,15246,34405,439,1980,2419,349,1610,1959,12056,992,14800,919,962,1881,1307,1453,847,1274,59,398,780,1,314,1449,22,202627,246443,449070,446,52,0,15853742,8652422,24506164,8322,313,0,109966,88995,70376,142926,22273,14519,0,15
2021-08-08,16742,4,15095,190514,2309.0,5175.0,1456.0,2403.0,1215.0,11641.0,1164.0,56260.0,58607.0,114867.0,1.7608853522590038,318,79,283,64,77,15,45,37915,236,3181,3417,115,3062,3177,22184,838,174,36296,15293,34405,405,1846,2251,274,1319,1593,12249,1054,14552,919,962,1881,1307,1453,847,1267,58,380,724,8,302,1426,24,170775,239220,409995,57,57,0,16024517,8891642,24916159,8379,370,0,79783,93758,67004,131421,23979,14041,0,9
2021-08-09,15603,29,13605,192248,2269.0,4878.0,1409.0,2185.0,1158.0,10586.0,1013.0,86848.0,53036.0,139884.0,1.3969292330551004,195,13,264,51,76,12,35,37878,78,3395,3473,58,2902,2960,22811,717,207,36368,15436,34469,439,1873,2312,280,1507,1787,12062,1056,14501,919,970,1889,1315,1462,848,1289,57,410,707,1,320,1453,18,201772,282727,484499,294,19,0,16226289,9174369,25400658,8673,389,0,98499,128507,65601,134491,37616,19725,0,60
2021-08-10,17541,0,13770,195637,2462.0,5503.0,1567.0,2529.0,1349.0,11666.0,1169.0,60200.0,71698.0,131898.0,1.674559227392275,164,21,382,107,114,39,19,38170,93,3223,3316,126,2742,2868,22880,817,183,36328,15574,34421,473,2351,2824,293,1567,1860,12123,1118,14477,923,974,1897,1323,1462,848,1346,55,396,703,6,353,1465,27,175471,201029,376500,535,4,0,16401760,9375398,25777158,9208,393,0,76953,69803,64038,113090,34477,18136,0,3
2021-08-11,18674,12,15064,198988,2518.0,5695.0,1697.0,2766.0,1342.0,12906.0,1192.0,85779.0,67956.0,153735.0,1.5465580007058013,170,13,259,53,82,14,24,39201,89,3092,3181,81,3033,3114,23096,700,184,36385,15651,34478,444,2198,2642,246,1611,1857,12371,1178,15246,923,974,1897,1323,1462,848,1247,58,414,701,4,343,1444,20,243108,273826,516934,643,73,0,16644868,9649224,26294092,9851,466,0,101437,122524,98830,135651,42839,15651,0,2
2021-08-12,19176,3,15509,202396,2369.0,5953.0,2040.0,2666.0,1403.0,13272.0,1289.0,85520.0,77708.0,163228.0,1.4977390676141278,274,56,259,47,91,26,33,39966,126,3404,3530,64,3109,3173,23011,710,153,36392,15768,34483,467,2109,2576,271,1476,1747,12189,1203,15253,923,976,1899,1321,1477,856,1280,2,397,699,1,328,1398,44,217166,333074,550240,312,32,0,16862034,9982298,26844332,10163,498,0,85127,166196,94642,145555,37388,21317,0,15
2021-08-13,19219,7,14777,206604,2584.0,6264.0,1982.0,2556.0,1352.0,12946.0,1286.0,76965.0,75173.0,152138.0,1.588501404407805,211,49,234,22,73,19,40,39252,93,3641,3734,78,3087,3165,22840,750,104,36770,16026,34838,452,2122,2574,289,1792,2081,12589,1159,15449,923,1001,1924,1344,1480,857,1246,55,426,696,7,345,1363,85,183710,310902,494612,416,50,0,17045744,10293200,27338944,10579,548,0,55229,144717,103063,141955,25402,24089,0,157
2021-08-14,18591,7,15604,209341,2265.0,5962.0,1998.0,2581.0,1388.0,12704.0,1307.0,71764.0,72355.0,144119.0,1.7450929831646504,204,49,250,49,77,26,42,37879,144,3014,3158,74,2733,2807,22054,808,93,37183,16130,35232,394,1961,2355,242,1524,1766,12745,1232,14695,942,1001,1943,1346,1494,865,1223,60,427,714,4,306,1321,135,179384,288965,468349,579,53,0,17225128,10582165,27807293,11158,601,0,40635,144217,112962,124345,25768,20400,0,22
2021-08-15,19057,11,14784,213365,2476.0,6246.0,2240.0,5455.0,27.0,11914.0,1220.0,60635.0,66541.0,127176.0,1.7388148379023043,236,70,249,52,88,16,32,38442,62,3195,3257,83,2761,2844,21765,787,102,37183,16250,35267,407,2077,2484,313,1366,1679,12766,1112,15622,899,1009,1908,1342,1504,865,1196,63,421,724,7,346,1256,185,156468,281010,437478,357,22,0,17381596,10863175,28244771,11515,623,0,35382,130348,102202,129397,18845,21263,0,41
2021-08-16,17217,18,15381,208282,2258.0,5154.0,2357.0,3115.0,925.0,11299.0,1170.0,86350.0,56214.0,142564.0,1.3566946175424413,223,43,254,49,77,25,23,37700,84,2935,3019,67,2700,2767,22162,908,95,35868,15784,34088,431,1726,2157,352,1300,1652,12365,1099,14980,868,904,1772,1257,1439,855,1118,57,413,679,3,299,1287,137,189201,334515,523716,490,24,0,17570797,11197690,28768487,12005,647,0,39379,180470,129782,128856,20030,25165,0,34
2021-08-17,17825,2,14028,219145,2223.0,5472.0,2300.0,2673.0,1339.0,12054.0,1241.0,82284.0,81135.0,163419.0,1.4099238884116185,246,25,226,52,61,20,38,38122,113,3076,3189,53,2840,2893,22223,803,86,37183,16306,35266,434,2147,2581,310,1718,2028,12634,1184,14720,892,1017,1909,1352,1504,865,1286,5,459,708,2,291,1328,153,197287,349510,546797,502,32,0,17768084,11547200,29315284,12507,679,0,36055,197717,141716,127929,19502,23855,0,23
2021-08-18,20630,4,17210,222314,2807.0,6531.0,2810.0,2907.0,1542.0,13929.0,1346.0,82952.0,75780.0,158732.0,1.6288092845030329,201,30,251,63,78,25,38,38991,68,3151,3219,90,2656,2746,23014,763,112,37294,16346,35414,432,2285,2717,342,1777,2119,12653,1150,15909,852,1020,1872,1325,1510,885,1225,67,455,707,4,317,1359,155,204371,363748,568119,761,747,0,17972455,11910948,29883403,13268,1426,0,32768,187167,152441,152781,19104,23796,0,62
2021-08-19,21483,4,19554,224004,2339.0,6601.0,2952.0,2894.0,1604.0,14973.0,1479.0,75704.0,84149.0,159853.0,1.7373862389787793,155,31,239,65,64,23,29,38532,91,2837,2928,64,3140,3204,22336,801,97,37294,16494,35394,503,1989,2492,305,1560,1865,12618,1148,15874,852,1040,1892,1335,1512,886,1228,8,404,658,30,293,1341,214,194656,350714,545370,663,865,0,18167111,12261662,30428773,13931,2291,0,37268,190679,138866,134956,18517,25078,0,6
2021-08-20,21888,5,18827,226848,2833.0,6533.0,3849.0,3309.0,1759.0,14748.0,1496.0,71379.0,73855.0,145234.0,1.9123137984811203,202,47,217,45,64,21,53,38471,113,3151,3264,67,2932,2999,23154,773,219,37294,16529,35394,470,2108,2578,329,1297,1626,12543,1073,15506,852,1040,1892,1335,1512,886,1215,61,430,684,12,314,1313,218,170322,340235,510557,804,858,0,18337433,12601897,30939330,14735,3149,0,65507,167476,95485,147683,9327,25049,0,30
2021-08-21,21001,40,16120,231504,2278.0,6450.0,3568.0,3051.0,1633.0,13960.0,1582.0,64564.0,69298.0,133862.0,1.9371150069061707,205,33,225,52,61,29,30,38664,89,3548,3637,78,2816,2894,23143,809,110,37346,16558,35446,467,1959,2426,304,1699,2003,12491,1093,15283,852,1040,1892,1335,1512,896,1253,58,431,714,3,301,1310,255,173091,324648,497739,835,838,0,18510524,12926545,31437069,15570,3987,0,76589,157760,86853,146842,9647,20043,0,5
2021-08-22,18784,3,16260,233746,2156.0,5524.0,3190.0,2920.0,1532.0,12469.0,1359.0,58166.0,61512.0,119678.0,2.0668277141345404,217,41,282,68,69,39,51,39509,108,2686,2794,183,2908,3091,23321,905,99,37346,16586,35446,437,1804,2241,231,1321,1552,12511,1077,14877,852,1040,1892,1335,1512,896,1226,64,421,710,8,315,1277,215,147962,313538,461500,760,559,0,18658486,13240083,31898569,16330,4546,0,75843,154091,63562,140221,8555,19222,0,6
2021-08-23,16757,5,17404,232846,2010.0,4882.0,3138.0,2535.0,1331.0,11077.0,1383.0,87724.0,55690.0,143414.0,1.6448371774624555,165,21,253,50,68,25,55,39857,103,2616,2719,67,2828,2895,23016,1013,116,37269,16555,35364,477,1800,2277,294,1449,1743,12372,1085,14963,852,1045,1897,1340,1512,896,1248,62,421,705,2,307,1287,249,160474,255222,415696,644,556,0,18818960,13495305,32314265,16974,5102,0,101795,155774,47316,73675,11361,25771,0,4
2021-08-24,19526,18,16197,235997,2494.0,5846.0,3479.0,2942.0,1497.0,12986.0,1381.0,84938.0,77859.0,162797.0,1.724222182216051,201,40,178,63,50,26,74,39641,76,2641,2717,85,2811,2896,23091,896,97,37341,16681,35436,522,2139,2661,342,1706,2048,12296,1150,15357,852,1045,1897,1340,1512,896,1249,60,433,675,5,319,1303,193,167668,275576,443244,929,607,0,18986628,13770881,32757509,17903,5709,0,104513,182885,50907,69550,12246,23090,0,53
2021-08-25,21493,5,18719,238547,2377.0,6541.0,4144.0,3131.0,1710.0,14151.0,1643.0,85195.0,70910.0,156105.0,1.7816161977666853,247,63,224,47,46,28,83,38114,77,2527,2604,90,2852,2942,22296,955,86,37341,16828,35401,580,2227,2807,368,1683,2051,12325,1250,15888,895,1037,1932,1358,1524,941,1260,9,447,669,0,317,1267,228,174010,273390,447400,960,641,0,19160638,14044271,33204909,18863,6350,0,111139,188649,52731,61760,10139,22981,0,1
2021-08-26,23698,1,20257,241725,3388.0,7052.0,4590.0,3375.0,1677.0,15811.0,1718.0,77193.0,65865.0,143058.0,2.053015859737955,332,65,263,55,80,32,70,40411,128,3241,3369,64,2954,3018,23419,977,107,37351,16747,35411,650,2188,2838,380,1720,2100,11690,1296,15601,895,1037,1932,1358,1525,941,1252,9,433,684,6,303,1222,248,168964,265887,434851,1053,550,0,19330919,14310158,33639760,19916,6900,0,110787,169435,46323,72296,11833,22839,1317,21
2021-08-27,20963,6,19770,242695,2122.0,6154.0,4606.0,2972.0,1643.0,14138.0,1546.0,74293.0,69782.0,144075.0,1.9060016364674952,300,66,223,49,65,25,79,40611,153,3406,3559,122,3091,3213,23915,1110,85,37399,16815,35454,568,1960,2528,383,1536,1919,11953,1209,15803,888,1049,1937,1371,1527,949,1202,53,401,642,8,298,1169,220,155951,216036,371987,1055,517,0,19488070,14526194,34011747,20971,7417,0,101450,127675,44032,65623,10467,21532,1200,8
2021-08-28,21438,6,17520,246384,2431.0,6442.0,4924.0,3143.0,1682.0,13951.0,1684.0,60621.0,65585.0,126206.0,2.31270235549704,226,27,229,58,55,31,56,40136,96,2971,3067,55,2840,2895,24538,1158,95,37399,16729,35454,520,2125,2645,396,1609,2005,11948,1287,15399,888,1049,1937,1363,1527,949,1253,46,415,664,8,321,1258,201,160488,207421,367909,1474,479,0,19655427,14733615,34379656,22445,7896,0,104041,107792,44002,74251,12443,18494,6869,17
2021-08-29,19851,2,19391,246615,2578.0,5451.0,4612.0,3006.0,1658.0,13111.0,1429.0,51634.0,51431.0,103065.0,2.625734955225448,263,47,229,65,54,34,56,40458,165,2692,2857,72,2694,2766,24725,1189,104,37680,16728,35735,521,1967,2488,264,1255,1519,12269,1387,15553,888,1049,1937,1363,1527,949,1222,52,409,644,49,308,1173,216,152255,175590,327845,1143,45,0,19815275,14909205,34707501,23588,7941,0,107142,79347,32526,72401,12586,16246,7593,4
2021-08-30,18555,3,19822,245082,2077.0,5043.0,4389.0,2910.0,1537.0,12073.0,1521.0,87369.0,56433.0,143802.0,1.8857923187033157,283,50,266,66,52,29,38,41506,82,2956,3038,62,2891,2953,25007,1166,100,37680,16910,35698,487,1934,2421,461,1414,1875,12201,1356,15388,907,1067,1974,1372,1539,948,1215,45,416,669,10,345,1247,182,193353,194023,387376,1628,199,0,20012930,15103228,35094877,25216,8140,0,152427,100179,29938,68642,10984,20897,4302,7
2021-08-31,19869,1,16740,247967,1436.0,5539.0,5173.0,2900.0,1627.0,13274.0,1618.0,53032.0,63009.0,116041.0,2.405041736226026,260,88,244,60,45,42,65,39892,81,2604,2685,46,2481,2527,23790,1544,103,37680,16698,35698,602,1919,2521,320,1445,1765,11706,1502,15578,903,1062,1965,1365,1529,946,1233,49,452,650,6,373,1220,199,128166,156207,284373,1375,357,0,20143606,15259435,35379250,26591,8497,0,103894,70229,15601,62647,8671,20821,2510,0
2021-09-01,18155,2,19512,246359,2106.0,4788.0,5230.0,2770.0,1439.0,11999.0,1533.0,88367.0,63848.0,152215.0,1.7092226214251691,269,63,251,58,54,47,45,39929,78,2816,2894,69,2469,2538,24558,1263,119,37687,16819,35717,508,1717,2225,350,1273,1623,11776,1455,16156,899,1054,1953,1357,1515,944,1207,50,408,693,8,340,1257,213,198607,227530,426137,2138,426,0,20344961,15486965,35805387,28729,8923,0,156316,106552,29976,96766,12268,21462,2748,49
2021-09-02,20220,0,22049,244313,2142.0,4982.0,5885.0,3003.0,1763.0,13312.0,1776.0,84403.0,65192.0,149595.0,1.9922371515122919,233,78,217,51,59,27,54,40017,70,2699,2769,74,2681,2755,24227,1275,113,37790,16894,35831,588,1964,2552,386,1643,2029,11508,1455,16426,901,1041,1942,1348,1529,946,1191,50,403,657,8,315,1229,191,193423,205646,399069,2040,152,0,20541987,15692611,36204456,30769,9075,0,160280,86415,20378,94087,12765,21537,3603,4
2021-09-03,18597,14,20776,241923,2211.0,4565.0,5657.0,2955.0,1437.0,12190.0,1596.0,72353.0,64452.0,136805.0,2.0269598527704504,328,92,211,50,49,32,68,40173,112,2816,2928,82,3054,3136,23652,1368,115,37790,16885,35829,691,1837,2528,430,1501,1931,10805,1347,16244,879,1065,1944,1357,1530,953,1186,54,431,652,8,306,1181,198,154167,200076,354243,1890,311,0,20701741,15892687,36558699,32659,9386,0,125066,62841,22826,108635,6263,22061,5587,964
2021-09-04,18328,9,20365,239667,1756.0,4369.0,5838.0,2869.0,1618.0,11735.0,1672.0,60997.0,63747.0,124744.0,2.1397716417030557,338,97,219,45,56,28,112,38710,99,2564,2663,84,2784,2868,23454,1200,108,37790,16826,35829,576,1958,2534,320,1270,1590,11454,1512,15565,879,1065,1944,1357,1530,953,1173,49,414,662,2,394,1164,218,145091,184772,329863,2192,354,0,20853923,16077459,36888562,34851,9740,0,113609,46286,22307,112677,9175,18718,7091,0
2021-09-05,19774,7,19590,239613,2323.0,4544.0,6547.0,3061.0,1613.0,13068.0,1726.0,53785.0,51288.0,105073.0,2.593707210932629,332,106,238,48,63,47,117,40301,74,2695,2769,70,2774,2844,24137,1225,105,37790,16598,35841,498,1791,2289,310,1303,1613,11287,1503,15822,871,1061,1932,1337,1537,958,1175,45,401,642,1,319,1236,174,144297,168584,312881,2147,273,0,21005336,16246043,37201443,36998,10013,0,115154,41903,20344,100212,8709,19052,7116,391
2021-09-06,16931,2,19211,237110,1754.0,3975.0,5733.0,2636.0,1413.0,11046.0,1501.0,90384.0,58936.0,149320.0,1.6858647166611351,254,77,223,46,40,34,131,39842,54,2285,2339,83,2714,2797,23701,1100,109,37618,16561,35681,609,1878,2487,373,1681,2054,11291,1543,16336,853,1067,1920,1345,1548,955,1164,45,410,648,4,307,1192,201,141424,197356,338780,2337,390,0,21149732,16443399,37540223,39335,10403,0,117946,46375,17813,126188,5646,21817,2972,23
2021-09-07,17894,11,17620,237164,2166.0,4121.0,5789.0,2843.0,1537.0,11530.0,1576.0,84011.0,69729.0,153740.0,1.6929456132935918,302,93,220,51,48,27,155,40303,70,2634,2704,82,2412,2494,23708,1169,101,37772,16559,35819,631,1915,2546,397,1474,1871,11237,1479,16733,850,1086,1936,1369,1548,955,1148,39,462,641,2,358,1206,211,142530,204762,347292,2458,83,0,21294773,16648161,37887515,41793,10486,0,121941,40786,18458,139409,2116,22046,2511,25
2021-09-08,19167,1,21618,234476,2089.0,4407.0,6692.0,2945.0,1585.0,12594.0,1758.0,81073.0,65734.0,146807.0,1.9313836014686256,330,88,237,57,48,47,115,40667,111,3308,3419,81,2650,2731,24220,1190,99,37716,16617,35754,601,1924,2525,393,1626,2019,11151,1623,16608,850,1095,1945,1383,1586,947,1130,38,420,656,4,325,1229,202,137235,209447,346682,8270,69,0,21433931,16857608,38234197,50063,10555,0,110580,37790,23103,148208,3514,21524,1923,40
2021-09-09,18766,2,23973,229068,1539.0,4260.0,6636.0,2921.0,1561.0,12464.0,1623.0,72652.0,61647.0,134299.0,2.1225238146487135,297,45,201,48,52,42,140,40071,101,2733,2834,43,2600,2643,24206,1308,126,37716,16216,35750,606,2103,2709,386,1617,2003,11014,1526,16296,850,1099,1949,1387,1586,947,1150,42,398,652,2,327,1170,225,143490,205026,348516,14030,68,0,21581564,17062634,38582713,64093,10623,0,117515,42207,22348,136876,3614,21794,4143,19
2021-09-10,20688,3,20414,229139,2125.0,4688.0,7676.0,3335.0,1791.0,13257.0,1881.0,65308.0,58697.0,124005.0,2.3163108124136893,329,100,203,46,40,42,96,39775,86,2709,2795,115,2521,2636,24344,1189,89,37716,16163,35745,576,2033,2609,475,1551,2026,10906,1408,16619,850,1104,1954,1392,1586,947,1156,44,449,695,11,321,1230,208,117463,193959,311422,21008,81,0,21705265,17256593,38894135,85101,10704,0,95867,68314,18461,97157,3135,22245,6238,5
2021-09-11,18971,6,20661,227249,2141.0,3922.0,6959.0,3041.0,1613.0,12326.0,1663.0,55774.0,61700.0,117474.0,2.37363558075011,584,87,200,47,44,39,137,38943,106,2524,2630,50,2486,2536,24410,1192,100,37716,16164,35745,758,2030,2788,373,1710,2083,10775,1395,16249,850,1104,1954,1381,1586,947,1115,42,454,651,7,341,1208,214,94955,186226,281181,22913,45,0,21807436,17442819,39175316,108014,10749,0,76076,75360,17534,84746,1343,18900,7216,6
2021-09-12,18790,5,20268,225554,1909.0,3797.0,7600.0,2976.0,1686.0,12071.0,1816.0,46782.0,48233.0,95015.0,2.6307663754614956,274,102,217,44,41,44,132,38943,119,2641,2760,143,2575,2718,24391,1244,96,37693,16208,35738,556,1862,2418,405,1709,2114,10960,1427,16358,850,1088,1938,1366,1586,947,1131,36,452,646,5,342,1184,265,82735,162932,245667,16081,39,0,21896096,17605751,39420983,124095,10788,0,68932,74673,12776,63731,1024,18602,5925,4
2021-09-13,15659,11,24089,216950,1544.0,3279.0,6166.0,2539.0,1388.0,9961.0,1480.0,79512.0,46562.0,126074.0,1.695997906713472,405,174,174,41,33,32,160,39585,67,2442,2509,48,2404,2452,24252,1100,105,37693,16048,35738,517,1736,2253,382,1538,1920,10725,1397,16653,851,1087,1938,1373,1586,949,1111,39,457,629,3,344,1186,212,76245,169855,246100,5046,389,0,21976265,17775606,39667083,129141,11177,0,60348,96599,14833,48057,1058,21272,3924,9
2021-09-14,15244,13,16998,215008,1032.0,3438.0,5887.0,2586.0,1302.0,9762.0,1367.0,79259.0,61434.0,140693.0,1.8860562612686156,451,104,188,50,48,43,147,39572,61,2327,2388,34,2007,2041,24240,998,98,37693,16048,35722,651,1574,2225,349,1468,1817,10514,1448,17003,851,1103,1954,1384,1586,955,1111,50,443,623,12,323,1175,217,76198,185782,261980,5819,679,0,22058122,17961388,39929063,134960,11856,0,59855,107203,15642,54036,701,18884,5659,0
2021-09-15,19116,6,18158,215762,1385.0,3468.0,8189.0,3266.0,1694.0,12101.0,1835.0,73574.0,57826.0,131400.0,2.1793773288668317,411,92,204,46,43,43,135,39862,100,2398,2498,60,2252,2312,24232,1020,102,37693,16085,35665,555,1760,2315,392,1544,1936,10271,1391,17313,845,1166,2011,1469,1586,971,1126,42,435,558,8,338,1160,222,71984,193673,265657,8127,833,0,22133340,18155061,40194720,143087,12689,0,60211,115416,10827,53725,946,21296,3234,2
2021-09-16,18300,4,16235,217653,1612.0,3747.0,7644.0,3087.0,1489.0,11784.0,1674.0,42851.0,45728.0,88579.0,2.6458924854318195,343,105,174,36,39,50,97,39660,84,2461,2545,73,2391,2464,24001,1078,102,37521,15942,35505,573,1635,2208,328,1401,1729,10062,1286,16839,845,1154,1999,1480,1586,971,1072,47,448,621,10,328,1130,217,64297,148305,212602,20838,680,0,22200710,18303366,40407322,163925,13369,0,55132,82225,8731,39925,434,23082,3073,0
2021-09-17,17180,1,22229,212421,1725.0,3729.0,7006.0,2600.0,1392.0,11352.0,1556.0,61965.0,36847.0,98812.0,2.262348228704132,376,61,183,28,41,57,170,39630,63,2445,2508,68,2603,2671,23597,980,104,37693,15958,35677,548,1585,2133,460,1171,1631,9946,1142,17182,845,1154,1999,1480,1586,971,1054,44,431,630,6,314,1088,247,78917,174920,253837,33404,964,0,22283094,18478286,40661159,197329,14333,0,69459,103583,8853,45437,605,22433,3467,0
2021-09-18,15136,2,16514,210880,1240.0,3164.0,6452.0,2459.0,1288.0,9663.0,1504.0,49994.0,46248.0,96242.0,2.0741810139687664,317,70,163,29,31,36,71,39930,75,1896,1971,50,2023,2073,23060,938,90,37693,15958,35677,508,1421,1929,296,1377,1673,9682,1159,16519,845,1154,1999,1480,1586,971,1044,20,442,610,12,311,1059,269,76489,171499,247988,31394,1179,0,22364014,18649785,40909147,228723,15512,0,67630,103557,8150,44752,691,18756,4431,21
2021-09-19,14552,8,22869,202413,1207.0,2868.0,6195.0,2369.0,1246.0,9315.0,1365.0,67342.0,36043.0,103385.0,1.991294529862013,362,72,150,40,27,38,81,39368,58,2219,2277,59,2258,2317,22607,908,113,37693,15997,35677,421,1352,1773,365,1199,1564,9602,1118,17074,845,1154,1999,1480,1586,971,1048,47,439,587,10,330,1104,250,64296,166911,231207,29199,1058,0,22431075,18816696,41140354,257922,16570,0,57202,109448,6922,34176,144,20516,2765,34
2021-09-20,14027,38,16392,199910,1155.0,2609.0,6308.0,2367.0,1231.0,8808.0,1414.0,109401.0,40161.0,149562.0,1.5854835945696861,288,92,138,22,50,32,120,38915,59,1909,1968,49,2468,2517,21734,841,97,37693,15728,35735,391,1498,1889,324,1350,1674,9683,1105,17213,816,1125,1941,1403,1627,945,1013,53,400,559,16,274,1090,249,97879,206266,304145,58336,1570,0,22531519,19022962,41444499,316258,18140,0,90222,148868,7394,32490,160,22341,2565,105
2021-09-21,15366,18,16028,199102,1220.0,2806.0,7125.0,2487.0,1391.0,9704.0,1505.0,102515.0,47890.0,150405.0,1.5533471425331833,316,84,146,22,27,34,145,39009,80,2037,2117,59,2327,2386,21134,756,107,37783,15752,35825,444,1403,1847,402,1708,2110,9080,996,17102,818,1122,1940,1382,1758,840,1003,40,417,577,7,304,1152,224,125025,145392,270417,91533,1206,0,22660279,19168354,41714916,407791,19346,0,118793,103248,5548,17994,577,20412,3735,110
2021-09-22,14622,4,19179,194404,969.0,2761.0,6637.0,2470.0,1283.0,9236.0,1441.0,117472.0,44056.0,161528.0,1.7085208108480585,443,134,141,30,33,35,121,38814,136,2089,2225,63,2298,2361,20708,877,93,37783,15754,35833,541,1484,2025,336,1358,1694,8691,1173,17795,811,1121,1932,1407,1802,815,990,41,418,548,6,298,1155,223,123244,209180,332424,90765,1717,0,22788508,19377534,42047340,498556,21063,0,117211,152128,5878,30537,32,21523,4985,130
2021-09-23,13357,3,16132,191483,1098.0,2199.0,6112.0,2345.0,1118.0,8524.0,1289.0,88489.0,41805.0,130294.0,1.8161136799942739,99,29,146,37,25,31,66,39600,148,2304,2452,110,3242,3352,21558,862,99,37611,15823,35650,547,1319,1866,318,1354,1672,8412,1245,17562,818,1125,1943,1394,1901,649,990,44,446,554,8,302,1148,165,136485,203538,340023,102026,1830,0,22926706,19581072,42387363,600582,22893,0,130506,158035,5735,22593,56,21196,1713,189
2021-09-24,14253,7,16272,189321,1073.0,2233.0,7030.0,2357.0,1254.0,9042.0,1456.0,89765.0,42189.0,131954.0,1.6526607166758183,244,49,143,34,24,48,71,39554,83,1933,2016,43,2348,2391,20773,1011,86,37663,15950,35687,641,1316,1957,326,1263,1589,8319,1350,17264,817,1141,1958,1391,1978,583,967,24,443,546,11,324,1147,146,119555,164591,284146,93374,1623,0,23047469,19745663,42671509,693956,24516,0,114461,119352,4886,24236,76,19789,1208,138
2021-09-25,13552,5,17516,185201,885.0,1919.0,6685.0,2281.0,1147.0,8399.0,1475.0,68209.0,36901.0,105110.0,1.7593164547924232,225,35,156,29,28,44,60,40330,58,1922,1980,36,2433,2469,20019,842,88,37663,15515,35655,554,1333,1887,403,1246,1649,8180,1265,16590,817,1173,1990,1428,2040,517,968,41,443,552,9,327,1155,160,117347,153581,270928,95654,1812,0,23167058,19899244,42942437,789610,26328,0,113685,109607,3048,23795,556,17933,2242,62
2021-09-26,12810,8,20573,177315,823.0,2009.0,6442.0,2151.0,1116.0,8049.0,1331.0,56208.0,33142.0,89350.0,2.1082506038974738,266,92,123,29,28,30,72,40330,102,2104,2206,54,2237,2291,20303,866,89,37663,15718,35649,515,1198,1713,309,981,1290,8039,1299,16712,818,1178,1996,1430,2067,505,956,38,452,529,16,321,1148,153,118599,158155,276754,97303,1843,0,23287489,20057399,43219191,886913,28171,0,114532,111129,3568,21471,464,23722,1832,36
2021-09-27,10765,9,16023,171931,795.0,1495.0,5564.0,1799.0,950.0,6652.0,1273.0,106260.0,36050.0,142310.0,1.358261569375611,233,51,126,17,19,40,103,39179,46,1675,1721,39,2092,2131,19747,843,96,37663,15756,35632,484,1262,1746,253,1254,1507,7852,1294,17117,818,1195,2013,1437,2071,493,884,37,425,532,11,295,1139,176,173452,158008,331460,149319,1903,0,23461843,20215407,43550651,1036232,30074,0,168892,114196,4138,19670,327,23238,902,97
2021-09-28,11073,20,13730,169169,711.0,1593.0,5660.0,1904.0,969.0,6906.0,1214.0,98842.0,42672.0,141514.0,1.3003287762631344,219,59,105,21,20,35,78,38841,48,1682,1730,31,1941,1972,19631,801,78,37263,15730,35256,554,1262,1816,349,1165,1514,7571,1297,17356,819,1179,1998,1437,2073,491,930,0,445,532,0,302,1120,161,170960,167274,338234,145737,2163,0,23635288,20382681,43888885,1181969,32237,0,166681,120713,3876,20434,351,23611,2485,83
2021-09-29,12132,8,16657,164526,693.0,1642.0,6562.0,1896.0,941.0,7790.0,1359.0,94105.0,41784.0,135889.0,1.554105594450417,204,61,118,23,15,49,85,33762,53,1431,1484,33,1728,1761,18247,710,85,37263,15670,35263,513,1320,1833,346,1140,1486,7480,1297,17565,827,1164,1991,1424,2127,438,926,0,463,536,0,295,1122,163,194357,154244,348601,168524,7156,0,23831033,20536925,44237486,1350493,39393,0,189673,112248,3812,21881,755,18717,1388,127
2021-09-30,12449,13,17261,159591,761.0,1661.0,6701.0,2193.0,1088.0,7748.0,1258.0,89579.0,37397.0,126976.0,1.5723078465302271,185,46,124,28,18,36,31,33254,59,1766,1825,41,1962,2003,17512,751,268,37263,15522,35251,555,1044,1599,381,1220,1601,7293,1215,17742,823,1180,2003,1432,2128,438,874,0,446,483,0,296,1083,125,168747,169049,337796,145396,12565,0,24003595,20705974,44575282,1495889,51958,0,164195,120356,4145,24158,268,20667,3815,192
2021-10-01,11564,9,15511,155554,861.0,1474.0,6392.0,2031.0,901.0,7251.0,1244.0,91128.0,33181.0,124309.0,1.6029886418092787,114,25,90,10,14,30,22,33000,60,1785,1845,29,1799,1828,17475,741,93,37263,15466,35251,524,1221,1745,340,1018,1358,7065,1211,17177,823,1180,2003,1432,2128,438,857,0,466,462,0,306,1036,150,103579,139708,243287,87732,19003,0,24108783,20845682,44818569,1583621,70961,0,101185,86416,2177,16804,87,34871,1609,138
2021-10-02,10718,5,15052,151098,650.0,1307.0,5762.0,1918.0,934.0,6608.0,1156.0,61881.0,30931.0,92812.0,1.730381878525774,105,33,122,27,10,49,89,32904,62,1700,1762,40,1703,1743,17394,694,104,37263,15466,35251,503,1054,1557,308,1020,1328,6909,1216,16761,823,1180,2003,1432,2128,438,851,0,465,458,0,289,1051,127,91206,126739,217945,80118,21169,0,24201758,20972421,45036514,1663739,92130,0,88798,75073,2183,16904,116,32983,1769,119
2021-10-03,8841,12,14039,145803,386.0,1124.0,4830.0,1647.0,749.0,5209.0,1069.0,65074.0,24893.0,89967.0,1.5480415167326778,117,27,97,22,11,41,87,32518,57,1494,1551,72,1737,1809,16469,668,108,37263,15466,35258,507,1000,1507,323,1027,1350,7180,1380,16990,826,1170,1996,1428,2133,438,829,0,451,449,0,288,1052,128,97680,116515,214195,85698,15875,0,24300212,21088936,45250709,1749437,108005,0,95572,69790,1966,12374,18,33576,774,125
2021-10-04,7905,4,15152,138470,727.0,1087.0,4194.0,1331.0,626.0,4924.0,941.0,128288.0,31409.0,159697.0,0.9399498726605889,73,15,86,15,10,37,29,31781,69,1625,1694,44,2069,2113,16215,647,71,37263,15393,35260,476,960,1436,320,1024,1344,6744,1262,17912,830,1164,1994,1435,2219,377,833,0,467,439,0,292,982,149,128162,102988,231150,110545,5228,0,24429882,21191924,45481859,1859982,113233,0,125221,61562,2655,12643,148,27272,1508,141
2021-10-05,8577,14,15277,131676,619.0,1053.0,4962.0,1343.0,671.0,5463.0,986.0,103764.0,38232.0,141996.0,1.1080574111898756,113,15,94,22,12,43,34,31643,49,1463,1512,58,1715,1773,15772,622,83,37263,15290,35260,623,1050,1673,347,1043,1390,6606,1253,17962,830,1164,1994,1431,2219,377,808,0,449,418,0,293,1013,159,123909,106315,230224,105099,6217,0,24555920,21298239,45712083,1965081,119450,0,121186,61405,2478,15906,136,26869,2129,115
2021-10-06,9148,11,12680,128059,425.0,1043.0,5241.0,1618.0,745.0,5707.0,1007.0,102081.0,34956.0,137037.0,1.1706880370990047,102,26,86,18,9,29,30,31403,78,1485,1563,28,1394,1422,15686,642,84,37265,15366,35254,551,1040,1591,385,1032,1417,6521,1224,18365,830,1172,2002,1433,2218,377,809,0,458,419,0,310,1132,148,114047,100047,214094,97558,8748,0,24672281,21398286,45926177,2062639,128198,0,111458,61937,2297,11384,145,24404,2314,155
2021-10-07,9581,18,12508,125047,697.0,1132.0,5465.0,1673.0,747.0,5960.0,1139.0,93619.0,30322.0,123941.0,1.5081443303293733,131,25,85,16,13,28,37,31333,68,1460,1528,41,1699,1740,15272,754,84,37265,15161,35262,559,1057,1616,300,1009,1309,6361,1214,18288,830,1164,1994,1423,2218,377,798,0,479,419,0,314,1025,93,108427,92109,200536,91222,18784,0,24782959,21490395,46126713,2153861,146982,0,105317,55656,2913,9266,19,24933,2251,181
2021-10-08,9393,14,12438,121916,366.0,1015.0,5474.0,1677.0,728.0,5783.0,1104.0,84617.0,29653.0,114270.0,1.428899724276861,76,22,86,15,9,41,41,31083,62,1706,1768,48,1586,1634,15233,756,93,37265,15216,35262,567,1076,1643,327,1046,1373,6382,1187,17939,830,1164,1994,1423,2218,377,762,0,453,364,0,327,997,123,74538,103805,178343,61573,29091,0,24858580,21594200,46305056,2215434,176073,0,71414,67783,2926,10210,26,24683,1083,218
2021-10-09,8432,9,14085,116194,581.0,896.0,4973.0,1622.0,663.0,5053.0,1026.0,62611.0,25791.0,88402.0,1.529619001899016,72,27,69,13,3,30,78,30683,54,1415,1469,35,1381,1416,15045,770,99,37265,15216,35266,603,960,1563,359,977,1336,6293,1242,17534,830,1160,1990,1428,2218,377,749,0,444,399,0,311,1002,131,39588,107051,146639,30943,27507,0,24899206,21701251,46451695,2246377,203580,0,37382,60680,1927,11581,93,33733,1038,205
2021-10-10,7191,1,10676,112632,321.0,748.0,4333.0,1353.0,519.0,4393.0,882.0,62434.0,22592.0,85026.0,1.314399045360358,64,14,77,16,2,37,36,30547,77,1448,1525,31,1486,1517,14715,863,92,37265,15246,35266,532,963,1495,383,834,1217,6250,1170,17799,830,1160,1990,1428,2218,377,730,0,476,390,0,320,1021,102,32088,100962,133050,22988,27178,0,24931962,21802213,46584745,2269365,230758,0,30316,58650,1624,8636,21,32979,668,156
2021-10-11,6453,3,10675,108335,278.0,664.0,3889.0,1172.0,458.0,3928.0,858.0,117780.0,27240.0,145020.0,0.8668990728238514,86,11,77,16,8,39,42,30216,73,1279,1352,50,1539,1589,14127,876,104,37265,15064,35356,484,862,1346,379,753,1132,6226,1093,18150,816,1084,1900,1331,2238,348,726,0,461,378,0,318,995,105,52604,135064,187668,38635,51309,0,24985672,21937277,46772413,2308000,282067,0,50049,86355,2274,8662,88,38841,1106,293
2021-10-12,6991,9,10309,104932,350.0,737.0,4262.0,1191.0,539.0,4309.0,862.0,99537.0,34421.0,133958.0,1.0871569058286263,102,26,86,16,8,37,38,30184,95,1371,1466,46,1370,1416,14134,902,104,37265,15039,35356,647,1074,1721,442,943,1385,6070,1140,18638,816,1084,1900,1331,2238,348,712,0,466,369,0,301,981,105,55946,155269,211215,41965,87971,0,25043136,22092546,46983628,2349965,370038,0,53344,117876,2404,8047,72,27721,1518,233
2021-10-13,7622,27,10507,101978,458.0,718.0,4765.0,1259.0,470.0,4770.0,977.0,93614.0,28731.0,122345.0,1.0512632844909966,68,12,70,11,8,28,35,30084,97,1293,1390,43,1393,1436,14340,888,99,37265,15072,35346,621,996,1617,363,927,1290,6116,1037,19078,814,1096,1910,1349,2238,348,695,0,447,362,0,292,995,85,51737,155401,209277,37598,82903,2139,25096228,22247947,47192905,2387563,452941,2139,51575,112177,2035,7969,59,33766,1355,341
2021-10-14,7756,20,12179,97500,350.0,713.0,4760.0,1420.0,532.0,4771.0,974.0,94749.0,24779.0,119528.0,1.130399268048204,83,21,56,10,9,22,35,29277,112,1640,1752,66,1474,1540,13998,977,84,37265,14645,35344,687,1336,2023,386,783,1169,6057,1165,19049,814,1098,1912,1337,2241,348,679,0,487,350,0,317,1017,122,40525,164352,208154,25939,98061,3277,25138665,22412299,47401059,2413502,551002,5416,41411,128768,1994,6820,91,26643,1912,515
2021-10-15,7116,16,9860,94686,400.0,597.0,4391.0,1340.0,392.0,4460.0,879.0,98155.0,26923.0,125078.0,1.1254737458646369,85,18,71,14,4,38,31,29277,70,1286,1356,130,1459,1589,13527,1010,98,37265,14625,35347,617,941,1558,418,939,1357,5756,1137,18598,815,1094,1909,1337,2236,348,681,0,519,351,0,321,974,106,35186,129832,175241,23717,85099,10223,25175354,22542131,47576300,2437219,636101,15639,43075,106122,2114,5618,36,16460,1503,313
2021-10-16,7213,11,9357,92478,326.0,572.0,4553.0,1217.0,443.0,4601.0,830.0,72371.0,23965.0,96336.0,1.1588055681966292,87,26,66,10,4,37,63,29077,140,1187,1327,53,1572,1625,13374,1023,101,37265,14649,35347,595,833,1428,482,819,1301,5358,1158,18018,815,1094,1909,1337,2235,348,671,0,466,327,0,306,970,107,15370,109808,128406,10625,79233,3228,25191226,22651939,47704706,2447844,715334,18867,16875,92769,1502,2698,7,13758,502,295
2021-10-17,5941,5,8963,89393,399.0,500.0,3666.0,1126.0,345.0,3684.0,732.0,65536.0,16275.0,81811.0,1.2887906811854957,60,10,65,6,6,28,62,29149,68,984,1052,55,1623,1678,12771,1028,109,37265,14649,35347,523,781,1304,342,698,1040,5538,1080,18092,815,1094,1909,1333,2235,348,663,0,501,330,0,323,990,132,16216,115302,134180,11517,89894,2662,25208465,22767241,47838886,2459361,805228,21529,17517,103146,1143,2769,0,7908,1023,674
2021-10-18,5197,3,8249,86280,331.0,428.0,3367.0,874.0,291.0,3340.0,664.0,118225.0,23158.0,141383.0,0.7260791019514046,69,9,62,14,5,30,32,29149,39,909,948,64,1562,1626,11965,970,104,37265,14621,35347,493,1345,1838,406,760,1166,5706,1001,18355,815,1094,1909,1337,2237,348,655,0,522,327,0,388,950,119,31266,167136,207541,20483,134620,9139,25240719,22934377,48046427,2479844,939848,30668,37672,152178,2347,3723,9,9429,988,1195
2021-10-19,5457,11,8690,82979,213.0,404.0,3481.0,933.0,287.0,3519.0,663.0,67593.0,25760.0,93353.0,1.024669253431438,68,11,74,15,3,36,47,29249,64,1060,1124,55,1279,1334,11558,1034,95,37265,14621,35352,665,796,1461,385,873,1258,5219,1051,18442,814,1090,1904,1342,2235,348,654,0,520,315,0,350,934,162,14744,118575,134684,8128,98726,1365,25256113,23052952,48181111,2487972,1038574,32033,14321,109106,1466,1324,3,7174,650,640
2021-10-20,5322,9,9152,79105,202.0,362.0,3581.0,895.0,241.0,3457.0,698.0,110901.0,22281.0,133182.0,0.7696460311453723,76,14,50,10,5,24,69,29361,78,809,887,68,1212,1280,11037,929,101,37265,14417,35367,503,677,1180,368,676,1044,5139,1025,18841,812,1077,1889,1311,2235,348,640,0,521,315,0,343,988,128,28375,212496,256497,17706,178304,15626,25285468,23265448,48437608,2505678,1216878,47659,41818,197509,1747,3566,5,9501,980,1371
2021-10-21,5838,26,7276,77637,278.0,419.0,3830.0,1058.0,293.0,3710.0,753.0,95739.0,26641.0,122380.0,0.941987906225514,96,21,39,8,3,19,89,29251,87,1025,1112,97,1383,1480,10652,929,98,37265,14539,35367,519,810,1329,328,819,1147,4898,1004,19050,812,1077,1889,1311,2235,348,639,0,540,292,0,350,979,131,30197,186362,235607,18478,150338,19048,25317037,23451810,48673215,2524156,1367216,66707,46786,169152,2043,3646,4,11223,1372,1381
2021-10-22,6264,8,7262,76625,240.0,444.0,4118.0,1136.0,282.0,4007.0,782.0,88881.0,23057.0,111938.0,1.2459785273168265,78,17,35,2,2,19,38,27470,146,1123,1269,85,1465,1550,9923,721,91,37168,14331,35287,575,806,1381,401,775,1176,5098,1064,17764,811,1061,1872,1311,2235,348,617,0,506,309,0,374,974,142,25743,113989,157999,16638,89049,18267,25344168,23565799,48831214,2540794,1456265,84974,41791,102023,1862,2938,3,6693,1388,1301
2021-10-23,5556,5,8886,73291,253.0,386.0,3602.0,1024.0,268.0,3525.0,689.0,0.0,0.0,0.0,0.0,41,10,27,1,3,11,39,28194,158,1083,1241,136,1602,1738,9956,923,106,37296,14383,35415,518,826,1344,360,706,1066,4833,1061,17883,811,1061,1872,1311,2235,348,598,0,541,289,0,369,1000,90,11015,94354,113547,6368,77509,8178,25355652,23660153,48944761,2547162,1533774,93152,17705,84499,1304,2698,4,6226,469,642
2021-10-24,5474,14,6749,72016,147.0,351.0,3570.0,1068.0,275.0,3432.0,674.0,0.0,0.0,0.0,0.0,46,12,11,0,1,6,34,28164,141,2051,2192,150,1550,1700,9385,889,12,36006,14013,34125,525,728,1253,424,551,975,4569,1064,17883,811,1061,1872,1311,2235,348,583,0,539,292,0,364,934,131,9831,106261,124530,5306,89095,8438,25366353,23766414,49069291,2552468,1622869,101590,17051,95207,1031,1652,10,6345,870,2364
2021-10-25,4593,11,7174,69346,0.0,0.0,0.0,0.0,0.0,0.0,0.0,0.0,0.0,0.0,0.0,89,10,0,0,0,0,40,28164,152,960,1112,141,1629,1770,8865,888,0,37296,14383,35423,520,691,1211,308,646,954,4794,1139,17883,811,1053,1864,1303,2230,348,583,0,519,292,0,390,983,123,21927,140054,184162,14454,116966,22181,25388935,23906468,49253453,2566922,1739835,123771,41992,128520,1703,2835,7,5788,655,2662
